year,workload,country,scheduler,ci_mean_g_kwh,diurnal_amp_frac,co2_kg,co2_red_pct,facility_co2_kg,facility_co2_red_pct,p50_slow,p95_slow,p99_slow,ettr,jain,avg_pue
2025,M100,CH,FCFS,30.0,0.3,84.96176359163069,0.0,132.5596054232594,0.0,2.038205638424955,13.281656025656094,33.939840909090854,0.7363580407744837,0.2973611866158164,1.32897866443235
2025,M100,CH,Threshold,30.0,0.3,80.17958212306041,5.628627827873089,106.55695396464877,19.615818390213846,10.039127514510447,68.81591324200868,203.2090097402597,0.31582250286753727,0.26225540317500784,1.32897866443235
2025,M100,CH,CarbonScaler,30.0,0.3,50.87851012950036,40.11599103092036,67.61645444021119,48.99165984666778,2.038205638424955,13.281656025656094,33.939840909090854,0.7363580407744837,0.2973611866158164,1.32897866443235
2025,M100,CH,ProACT-OPT,30.0,0.3,57.38456846522539,32.45836004411971,76.26286715794198,42.46899957612531,2.038205638424955,13.281656025656094,33.939840909090854,0.7005491777867683,0.29866729124281977,1.32897866443235
2025,M100,CH,ProACT-OPT-PUE,30.0,0.3,57.3048417305418,32.5521984148329,96.40042846237371,27.277673953109904,2.038205638424955,13.281656025656094,33.939840909090854,0.7005491777867683,0.29866729124281977,1.3749877043608474
2025,M100,IT,FCFS,258.0,0.35,693.0753015127993,0.0,1105.8684153919642,0.0,2.038205638424955,13.281656025656094,33.939840909090854,0.7363580407744837,0.2973611866158164,1.32897866443235
2025,M100,IT,Threshold,258.0,0.35,653.2645251249462,5.7440766250011706,868.1746161215844,21.49385912121665,7.78802126512182,53.322428398547785,160.29261363636363,0.3609246646486488,0.25295652752731884,1.32897866443235
2025,M100,IT,CarbonScaler,258.0,0.35,434.43221504554094,37.31817969890273,577.3511449376105,47.792057635268115,2.038205638424955,13.281656025656094,33.939840909090854,0.7363580407744837,0.2973611866158164,1.32897866443235
2025,M100,IT,ProACT-OPT,258.0,0.35,466.80457220481486,32.64735142257928,620.3733169196694,43.901705819151715,2.038205638424955,13.281656025656094,33.939840909090854,0.7180074167039902,0.29797261850261636,1.32897866443235
2025,M100,IT,ProACT-OPT-PUE,258.0,0.35,466.7020892394591,32.66213812254277,793.976231327874,28.203372094097023,2.038205638424955,13.281656025656094,33.939840909090854,0.7180074167039902,0.2979726185026163,1.3441903282192014
2025,M100,DE,FCFS,295.0,0.4,863.6620916144058,0.0,1360.780418167016,0.0,2.038205638424955,13.281656025656094,33.939840909090854,0.7363580407744837,0.2973611866158164,1.32897866443235
2025,M100,DE,Threshold,295.0,0.4,777.8190689466495,9.939422315884395,1033.7049474187324,24.03587429549121,12.741086538112357,92.30846153846112,244.17654220779212,0.24767722827648178,0.28041885768421926,1.32897866443235
2025,M100,DE,CarbonScaler,295.0,0.4,517.9682130504494,40.02651985312517,688.3687039981972,49.41368241281453,2.038205638424955,13.281656025656094,33.939840909090854,0.7363580407744837,0.2973611866158164,1.32897866443235
2025,M100,DE,ProACT-OPT,295.0,0.4,578.2074840789295,33.051654148891544,768.4254099560051,43.53053588241068,2.038205638424955,13.281656025656094,33.939840909090854,0.7056968506106709,0.29848381690868664,1.32897866443235
2025,M100,DE,ProACT-OPT-PUE,295.0,0.4,578.8079622189704,32.98212717232616,979.5689908570996,28.01417644026739,2.038205638424955,13.281656025656094,33.939840909090854,0.6954760600438387,0.2989036862483343,1.3371342394810004
2025,Philly,CH,FCFS,30.0,0.3,17.4198136082886,0.0,58.920616456437294,0.0,1.9738429133941495,22.096817280957083,43.82386624224972,0.7664435403822555,0.2481039252009173,1.4769416519514584
2025,Philly,CH,Threshold,30.0,0.3,17.4198136082886,0.0,25.728048287312262,56.33438712180789,1.9738429133941495,22.096817280957083,43.82386624224972,0.7664435403822555,0.2481039252009173,1.4769416519514584
2025,Philly,CH,CarbonScaler,30.0,0.3,11.807088952432709,32.22034851845531,17.438381462143777,70.4035997738809,1.9738429133941495,22.096817280957083,43.82386624224972,0.7664435403822555,0.24810392520091734,1.4769416519514584
2025,Philly,CH,ProACT-OPT,30.0,0.3,13.135977805053635,24.591743055141848,19.40107275939361,67.07252244426583,1.9738429133941495,22.096817280957083,43.82386624224972,0.7664435403822555,0.24810392520091734,1.4769416519514584
2025,Philly,CH,ProACT-OPT-PUE,30.0,0.3,13.108748831844398,24.74805341426235,50.33369634469601,14.573710575635257,1.9738429133941495,22.096817280957083,43.82386624224972,0.7664435403822555,0.24810392520091734,1.4336472826198454
2025,Philly,IT,FCFS,258.0,0.35,162.8310570425387,0.0,523.0650497607202,0.0,1.9738429133941495,22.096817280957083,43.82386624224972,0.7664435403822555,0.2481039252009173,1.4769416519514584
2025,Philly,IT,Threshold,258.0,0.35,162.8310570425387,0.0,240.49197037740927,54.022550256908964,1.9738429133941495,22.096817280957083,43.82386624224972,0.7664435403822555,0.2481039252009173,1.4769416519514584
2025,Philly,IT,CarbonScaler,258.0,0.35,115.41554081742716,29.11945490394041,170.46201951576185,67.41093300083023,1.9738429133941495,22.096817280957083,43.82386624224972,0.7664435403822555,0.24810392520091729,1.4769416519514584
2025,Philly,IT,ProACT-OPT,258.0,0.35,122.34541439974731,24.8635876829165,180.69703845224856,65.45419378815127,1.9738429133941495,22.096817280957083,43.82386624224972,0.7664435403822555,0.24810392520091734,1.4769416519514584
2025,Philly,IT,ProACT-OPT-PUE,258.0,0.35,121.82383985493645,25.183904061305306,448.8192990742661,14.194362770064329,1.9738429133941495,22.096817280957083,43.82386624224972,0.7664435403822555,0.24810392520091734,1.4336472826198454
2025,Philly,DE,FCFS,295.0,0.4,183.32954527930295,0.0,620.3562543008693,0.0,1.9738429133941495,22.096817280957083,43.82386624224972,0.7664435403822555,0.2481039252009173,1.4769416519514584
2025,Philly,DE,Threshold,295.0,0.4,183.32954527930295,0.0,270.7670414563234,56.35297628110912,1.9738429133941495,22.096817280957083,43.82386624224972,0.7664435403822555,0.2481039252009173,1.4769416519514584
2025,Philly,DE,CarbonScaler,295.0,0.4,126.71676314910208,30.8803373967634,187.1532654953765,69.83132446914797,1.9738429133941495,22.096817280957083,43.82386624224972,0.7664435403822555,0.24810392520091729,1.4769416519514584
2025,Philly,DE,ProACT-OPT,295.0,0.4,138.6306592253055,24.38171435264219,204.74939484734236,66.99486892767908,1.9738429133941495,22.096817280957083,43.82386624224972,0.7664435403822555,0.24810392520091734,1.4769416519514584
2025,Philly,DE,ProACT-OPT-PUE,295.0,0.4,138.01067057718524,24.719896966456943,529.5671069975319,14.635001529186663,1.9738429133941495,22.096817280957083,43.82386624224972,0.7664435403822555,0.24810392520091734,1.4336472826198454
2025,Acme,CH,FCFS,30.0,0.3,2277.8112450228177,0.0,2690.9042063270986,0.0,1.3354262662236622,3.8560716802439847,14.597796527735044,0.7230295649391724,0.2622428075113843,1.181423456414757
2025,Acme,CH,Threshold,30.0,0.3,2119.954650288009,6.9301877001325956,2504.564150385797,6.924811946228404,1.6163760059244103,23.8318479047556,30.747824157679183,0.7099053135898432,0.21699566146823795,1.181423456414757
2025,Acme,CH,CarbonScaler,30.0,0.3,2160.1660781462615,5.16483387873421,2552.0708744734666,5.1593561572052415,1.0373466359948118,3.8806510189296626,14.623631826518992,0.9440153554899922,0.20954104950858582,1.181423456414757
2025,Acme,CH,ProACT-OPT,30.0,0.3,2199.445478047335,3.440397756693725,2598.47647887049,3.4348204309645802,1.2253835597675709,3.8646353589534446,13.689429289888672,0.777871692916512,0.24338124954008072,1.181423456414757
2025,Acme,CH,ProACT-OPT-PUE,30.0,0.3,2207.3785704857205,3.092120766854478,2595.638545850336,3.5402843495047187,1.2253835597675709,4.049346040938738,14.597796527735044,0.7755737387002246,0.24584875473511758,1.175203765664739
2025,Acme,IT,FCFS,258.0,0.35,19176.828280253834,0.0,22636.529368458752,0.0,1.3354262662236622,3.8560716802439847,14.597796527735044,0.7230295649391724,0.2622428075113843,1.181423456414757
2025,Acme,IT,Threshold,258.0,0.35,17887.77842316898,6.721913750524511,21133.041012281607,6.641867804488044,1.6168472287500346,17.200767914311356,26.592709017367,0.7122595171234252,0.24948369746286167,1.181423456414757
2025,Acme,IT,CarbonScaler,258.0,0.35,18918.1116808894,1.34911047637023,22350.300890876744,1.264453896279838,1.0675620190136093,4.405995233891572,20.585895977462435,0.9286549883891809,0.20648870343808476,1.181423456414757
2025,Acme,IT,ProACT-OPT,258.0,0.35,18831.226981779495,1.802181744674658,22247.653269344763,1.7179139645666752,1.2050542273096463,3.8646353589534446,13.689429289888672,0.7811118011022793,0.2431018435078568,1.181423456414757
2025,Acme,IT,ProACT-OPT-PUE,258.0,0.35,18725.53197785527,2.353341729942171,21977.653745520838,2.9106742125229568,1.2050542273096463,3.8646353589534446,13.689429289888672,0.7806472768928994,0.24320983463285156,1.1737593492710947
2025,Acme,DE,FCFS,295.0,0.4,22931.560912215926,0.0,27093.972674099125,0.0,1.3354262662236622,3.8560716802439847,14.597796527735044,0.7230295649391724,0.2622428075113843,1.181423456414757
2025,Acme,DE,Threshold,295.0,0.4,21366.94113560449,6.8229972769884295,25243.40544943651,6.83018044980791,1.6252639002242575,42.81208684019898,122.04114537219814,0.6510839195040199,0.11396318242369974,1.181423456414757
2025,Acme,DE,CarbonScaler,295.0,0.4,22188.163648412563,3.2418083821208477,26213.616989003833,3.2492676348525262,1.0675620190136093,4.405995233891572,20.585895977462435,0.9266882363679162,0.20677184876446192,1.181423456414757
2025,Acme,DE,ProACT-OPT,295.0,0.4,22271.85344187555,2.876853751324626,26312.490074063517,2.8843411390263807,1.225084199298311,4.049346040938738,14.597796527735044,0.7732893215232198,0.24789721861708944,1.181423456414757
2025,Acme,DE,ProACT-OPT-PUE,295.0,0.4,22238.112045103466,3.023993306722761,26159.041030694305,3.450699735511953,1.265275520028525,3.87234017874627,13.689429289888672,0.7651756769508596,0.24890740737378778,1.1741638325537618
2028,M100,CH,FCFS,23.0,0.4,66.34530278255582,0.0,102.08357947091235,0.0,2.038205638424955,13.281656025656094,33.939840909090854,0.7363580407744837,0.2973611866158164,1.32897866443235
2028,M100,CH,Threshold,23.0,0.4,61.45685061468399,7.368196334702926,81.67484325012119,19.99218319593352,10.039127514510447,68.81591324200868,203.2090097402597,0.31582250286753727,0.26225540317500784,1.32897866443235
2028,M100,CH,CarbonScaler,23.0,0.4,37.76298841015592,43.081142407439664,50.18620590230333,50.838120917768805,2.038205638424955,13.281656025656094,33.939840909090854,0.7363580407744837,0.2973611866158164,1.32897866443235
2028,M100,CH,ProACT-OPT,23.0,0.4,44.41362582000816,33.05686468027419,59.02476112487258,42.17996524926806,2.038205638424955,13.281656025656094,33.939840909090854,0.7005491777867683,0.29866729124281977,1.32897866443235
2028,M100,CH,ProACT-OPT-PUE,23.0,0.4,44.334275413826916,33.17646682670091,73.11548845761548,28.3768370617833,2.038205638424955,13.281656025656094,33.939840909090854,0.7005491777867683,0.29866729124281977,1.3328543891540952
2028,M100,IT,FCFS,194.99999999999994,0.5,524.8253338593348,0.0,829.7256461456383,0.0,2.038205638424955,13.281656025656094,33.939840909090854,0.7363580407744837,0.2973611866158164,1.32897866443235
2028,M100,IT,Threshold,194.99999999999994,0.5,481.8402762976994,8.190354921615949,640.3554468638312,22.82323080665242,7.78802126512182,53.322428398547785,160.29261363636363,0.3609246646486488,0.25295652752731884,1.32897866443235
2028,M100,IT,CarbonScaler,194.99999999999994,0.5,313.77938746611517,40.21260651449131,417.00611128111865,49.74168712052523,2.038205638424955,13.281656025656094,33.939840909090854,0.7363580407744837,0.2973611866158164,1.32897866443235
2028,M100,IT,ProACT-OPT,194.99999999999994,0.5,348.7329292493847,33.55257325614295,463.45862255742855,44.14314843582893,2.038205638424955,13.281656025656094,33.939840909090854,0.7180074167039902,0.29797261850261636,1.32897866443235
2028,M100,IT,ProACT-OPT-PUE,194.99999999999994,0.5,348.62227488479795,33.57365729257333,587.8688115482346,29.149012775597825,2.038205638424955,13.281656025656094,33.939840909090854,0.7180074167039902,0.2979726185026163,1.3441903282192014
2028,M100,DE,FCFS,205.0,0.6,626.1216929539995,0.0,971.6057379540484,0.0,2.038205638424955,13.281656025656094,33.939840909090854,0.7363580407744837,0.2973611866158164,1.32897866443235
2028,M100,DE,Threshold,205.0,0.6,536.6412540715073,14.291221641008722,713.1847771152533,26.59730698821965,12.741086538112357,92.30846153846112,244.17654220779212,0.24767722827648178,0.28041885768421926,1.32897866443235
2028,M100,DE,CarbonScaler,205.0,0.6,349.4511166048475,44.187987648828944,464.4130782299037,52.2014887223867,2.038205638424955,13.281656025656094,33.939840909090854,0.7363580407744837,0.2973611866158164,1.32897866443235
2028,M100,DE,ProACT-OPT,205.0,0.6,412.24289911758495,34.15930101820126,547.862017491008,43.61272313555246,2.038205638424955,13.281656025656094,33.939840909090854,0.7056968506106709,0.29848381690868664,1.32897866443235
2028,M100,DE,ProACT-OPT-PUE,205.0,0.6,412.9368389713627,34.04846955179674,682.9949288651968,29.704518799630776,2.038205638424955,13.281656025656094,33.939840909090854,0.7056968506106709,0.29848381690868664,1.3434869567945402
2028,Philly,CH,FCFS,23.0,0.4,12.148920577361675,0.0,43.51543075666569,0.0,1.9738429133941495,22.096817280957083,43.82386624224972,0.7664435403822555,0.2481039252009173,1.4769416519514584
2028,Philly,CH,Threshold,23.0,0.4,12.148920577361675,0.0,17.94324682695562,58.76578373475695,1.9738429133941495,22.096817280957083,43.82386624224972,0.7664435403822555,0.2481039252009173,1.4769416519514584
2028,Philly,CH,CarbonScaler,23.0,0.4,7.932017873597892,34.71010183095253,11.715127581540164,73.07822218961802,1.9738429133941495,22.096817280957083,43.82386624224972,0.7664435403822555,0.24810392520091734,1.4769416519514584
2028,Philly,CH,ProACT-OPT,23.0,0.4,9.290437589610372,23.528699274549602,13.721434240951067,68.46765847802341,1.9738429133941495,22.096817280957083,43.82386624224972,0.7664435403822555,0.24810392520091734,1.4769416519514584
2028,Philly,CH,ProACT-OPT-PUE,23.0,0.4,9.262603528107594,23.75780655470291,37.24267640573745,14.415011507078745,1.9738429133941495,22.096817280957083,43.82386624224972,0.7664435403822555,0.24810392520091734,1.4336472826198454
2028,Philly,IT,FCFS,194.99999999999994,0.5,114.13854996287401,0.0,382.5724446527044,0.0,1.9738429133941495,22.096817280957083,43.82386624224972,0.7664435403822555,0.2481039252009173,1.4769416519514584
2028,Philly,IT,Threshold,194.99999999999994,0.5,114.13854996287401,0.0,168.57597853351123,55.93619433659346,1.9738429133941495,22.096817280957083,43.82386624224972,0.7664435403822555,0.2481039252009173,1.4769416519514584
2028,Philly,IT,CarbonScaler,194.99999999999994,0.5,79.51732492745454,30.332630865453226,117.4424492371156,69.30190585374524,1.9738429133941495,22.096817280957083,43.82386624224972,0.7664435403822555,0.24810392520091729,1.4769416519514584
2028,Philly,IT,ProACT-OPT,194.99999999999994,0.5,86.99974656949442,23.777070413288982,128.49354941770733,66.41327643595645,1.9738429133941495,22.096817280957083,43.82386624224972,0.7664435403822555,0.24810392520091734,1.4769416519514584
2028,Philly,IT,ProACT-OPT-PUE,194.99999999999994,0.5,86.4365846855624,24.270472409472752,328.6319401936305,14.099422269693406,1.9738429133941495,22.096817280957083,43.82386624224972,0.7664435403822555,0.24810392520091734,1.4336472826198454
2028,Philly,DE,FCFS,205.0,0.6,115.45274635045988,0.0,423.1765008222449,0.0,1.9738429133941495,22.096817280957083,43.82386624224972,0.7664435403822555,0.2481039252009173,1.4769416519514584
2028,Philly,DE,Threshold,205.0,0.6,115.45274635045988,0.0,170.51696991718092,59.705472873408326,1.9738429133941495,22.096817280957083,43.82386624224972,0.7664435403822555,0.2481039252009173,1.4769416519514584
2028,Philly,DE,CarbonScaler,205.0,0.6,76.7701987698267,33.50509087346547,113.38510419174968,73.20619080420606,1.9738429133941495,22.096817280957083,43.82386624224972,0.7664435403822555,0.24810392520091729,1.4769416519514584
2028,Philly,DE,ProACT-OPT,205.0,0.6,89.18892095095401,22.748549713820864,131.72683224507006,68.87189340875007,1.9738429133941495,22.096817280957083,43.82386624224972,0.7664435403822555,0.24810392520091734,1.4769416519514584
2028,Philly,DE,ProACT-OPT-PUE,205.0,0.6,89.1007354102791,22.824932081033865,360.6478179995773,14.776029080341768,1.9738429133941495,22.096817280957083,43.82386624224972,0.7664435403822555,0.24810392520091734,1.4336472826198454
2028,Acme,CH,FCFS,23.0,0.4,1741.9522726899913,0.0,2059.326862915791,0.0,1.3354262662236622,3.8560716802439847,14.597796527735044,0.7230295649391724,0.2622428075113843,1.181423456414757
2028,Acme,CH,Threshold,23.0,0.4,1618.8597536277434,7.066354284906085,1912.5588855816304,7.126987948205188,1.6163760059244103,23.8318479047556,30.747824157679183,0.7099053135898432,0.21699566146823795,1.181423456414757
2028,Acme,CH,CarbonScaler,23.0,0.4,1623.4515308550685,6.8027547994716,1917.9837189046236,6.86356044571964,1.0373466359948118,3.8806510189296626,14.623631826518992,0.9440153554899922,0.20954104950858582,1.181423456414757
2028,Acme,CH,ProACT-OPT,23.0,0.4,1663.6038063094954,4.497738979926657,1965.42055895491,4.560048511576231,1.2253835597675709,3.8646353589534446,13.689429289888672,0.777871692916512,0.24338124954008072,1.181423456414757
2028,Acme,CH,ProACT-OPT-PUE,23.0,0.4,1674.685063798785,3.861598847787584,1970.79144909367,4.299240466215448,1.2253835597675709,4.049346040938738,14.597796527735044,0.7755737387002246,0.24584875473511758,1.175203765664739
2028,Acme,IT,FCFS,194.99999999999994,0.5,14312.914139808956,0.0,16905.016099188833,0.0,1.3354262662236622,3.8560716802439847,14.597796527735044,0.7230295649391724,0.2622428075113843,1.181423456414757
2028,Acme,IT,Threshold,194.99999999999994,0.5,13338.271470199052,6.809533405214108,15758.146782920907,6.784195350887357,1.6168472287500346,17.200767914311356,26.592709017367,0.7122595171234252,0.24948369746286167,1.181423456414757
2028,Acme,IT,CarbonScaler,194.99999999999994,0.5,14052.740573489393,1.8177539792259,16602.23734043173,1.7910586832959652,1.0675620190136093,4.405995233891572,20.585895977462435,0.9286549883891809,0.20648870343808476,1.181423456414757
2028,Acme,IT,ProACT-OPT,194.99999999999994,0.5,13958.928190729486,2.473192709896288,16491.40519093702,2.4466756247079946,1.2050542273096463,3.8646353589534446,13.689429289888672,0.7811118011022793,0.2431018435078568,1.181423456414757
2028,Acme,IT,ProACT-OPT-PUE,194.99999999999994,0.5,13829.141581196516,3.3799724772113904,16240.09970213884,3.9332491205488984,1.2050542273096463,3.8646353589534446,13.689429289888672,0.7806472768928994,0.24320983463285156,1.1737593492710947
2028,Acme,DE,FCFS,205.0,0.6,16062.29472205558,0.0,18998.63634155442,0.0,1.3354262662236622,3.8560716802439847,14.597796527735044,0.7230295649391724,0.2622428075113843,1.181423456414757
2028,Acme,DE,Threshold,205.0,0.6,14943.05749728265,6.968102902732043,17654.078637844115,7.077127429243135,1.6252639002242575,42.81208684019898,122.04114537219814,0.6510839195040199,0.11396318242369974,1.181423456414757
2028,Acme,DE,CarbonScaler,205.0,0.6,15310.911458567763,4.677932241251137,18088.669936241433,4.789640629747083,1.0675620190136093,4.405995233891572,20.585895977462435,0.9266882363679162,0.20677184876446192,1.181423456414757
2028,Acme,DE,ProACT-OPT,205.0,0.6,15398.147429719902,4.134821977981263,18191.73255880369,4.247166840000194,1.225084199298311,4.049346040938738,14.597796527735044,0.7732893215232198,0.24789721861708944,1.181423456414757
2028,Acme,DE,ProACT-OPT-PUE,205.0,0.6,15334.971253138405,4.528141722604984,18021.55786852798,5.142887391814233,1.225084199298311,4.049346040938738,14.597796527735044,0.7665161065232108,0.24947178015684582,1.171257287760418
2032,M100,CH,FCFS,14.0,0.55,41.487008850617386,0.0,62.5528536594546,0.0,2.038205638424955,13.281656025656094,33.939840909090854,0.7363580407744837,0.2973611866158164,1.32897866443235
2032,M100,CH,Threshold,14.0,0.55,37.395586927507246,9.861935185161585,49.69793717058243,20.55048768655049,10.039127514510447,68.81591324200868,203.2090097402597,0.31582250286753727,0.26225540317500784,1.32897866443235
2032,M100,CH,CarbonScaler,14.0,0.55,21.850460055239218,47.331801784225156,29.03879522144423,53.577185495748935,2.038205638424955,13.281656025656094,33.939840909090854,0.7363580407744837,0.2973611866158164,1.32897866443235
2032,M100,CH,ProACT-OPT,14.0,0.55,27.4167544091373,33.91484426400313,36.43628165772503,41.75120793674959,2.038205638424955,13.281656025656094,33.939840909090854,0.7005491777867683,0.29866729124281977,1.32897866443235
2032,M100,CH,ProACT-OPT-PUE,14.0,0.55,27.350341569181264,34.07492531538762,44.03088284796125,29.61011325291285,2.038205638424955,13.281656025656094,33.939840909090854,0.7005491777867683,0.29866729124281977,1.3328543891540952
2032,M100,IT,FCFS,117.99999999999997,0.65,318.18529596934366,0.0,498.3960028691419,0.0,2.038205638424955,13.281656025656094,33.939840909090854,0.7363580407744837,0.2973611866158164,1.32897866443235
2032,M100,IT,Threshold,117.99999999999997,0.65,284.3703840208569,10.627427595442606,377.92217316015285,24.172310575416166,7.78802126512182,53.322428398547785,160.29261363636363,0.3609246646486488,0.25295652752731884,1.32897866443235
2032,M100,IT,CarbonScaler,117.99999999999997,0.65,181.05971130667737,43.0961412735672,240.624493314855,51.72022008008901,2.038205638424955,13.281656025656094,33.939840909090854,0.7363580407744837,0.2973611866158164,1.32897866443235
2032,M100,IT,ProACT-OPT,117.99999999999997,0.65,208.5564975095158,34.45438863723932,277.16713551888506,44.38817046619501,2.038205638424955,13.281656025656094,33.939840909090854,0.7180074167039902,0.29797261850261636,1.32897866443235
2032,M100,IT,ProACT-OPT-PUE,117.99999999999997,0.65,208.4694494093745,34.48174631254487,348.3355816874293,30.108672685545645,2.038205638424955,13.281656025656094,33.939840909090854,0.7180074167039902,0.2979726185026163,1.3441903282192014
2032,M100,DE,FCFS,90.0,0.8,286.2752592901459,0.0,437.9638854101451,0.0,2.038205638424955,13.281656025656094,33.939840909090854,0.7363580407744837,0.2973611866158164,1.32897866443235
2032,M100,DE,Threshold,90.0,0.8,233.89646579795556,18.29665393442309,310.8434127316138,29.025332205071052,12.741086538112357,92.30846153846112,244.17654220779212,0.24767722827648178,0.28041885768421926,1.32897866443235
2032,M100,DE,CarbonScaler,90.0,0.8,148.8109261833254,48.01823721954875,197.7665459320568,54.844097305682624,2.038205638424955,13.281656025656094,33.939840909090854,0.7363580407744837,0.2973611866158164,1.32897866443235
2032,M100,DE,ProACT-OPT,90.0,0.8,185.56709155663498,35.17878840917968,246.61470549953236,43.69062981789418,2.038205638424955,13.281656025656094,33.939840909090854,0.7056968506106709,0.29848381690868664,1.32897866443235
2032,M100,DE,ProACT-OPT-PUE,90.0,0.8,185.97330025152922,35.036893962589545,302.5169264990685,30.926513217918195,2.038205638424955,13.281656025656094,33.939840909090854,0.7056968506106709,0.29848381690868664,1.3434869567945402
2032,Philly,CH,FCFS,14.0,0.55,6.293618309313577,0.0,24.974702240637335,0.0,1.9738429133941495,22.096817280957083,43.82386624224972,0.7664435403822555,0.2481039252009173,1.4769416519514584
2032,Philly,CH,Threshold,14.0,0.55,6.293618309313577,0.0,9.29530702250954,62.781109728768755,1.9738429133941495,22.096817280957083,43.82386624224972,0.7664435403822555,0.2481039252009173,1.4769416519514584
2032,Philly,CH,CarbonScaler,14.0,0.55,3.805499714859104,39.53399256469754,5.62050103536481,77.49522304126026,1.9738429133941495,22.096817280957083,43.82386624224972,0.7664435403822555,0.24810392520091734,1.4769416519514584
2032,Philly,CH,ProACT-OPT,14.0,0.55,4.942437955434763,21.46905464348349,7.299692478567408,70.77165361879756,1.9738429133941495,22.096817280957083,43.82386624224972,0.7664435403822555,0.24810392520091734,1.4769416519514584
2032,Philly,CH,ProACT-OPT-PUE,14.0,0.55,4.9191420561335235,21.839205773665082,21.440050567443716,14.152928187637205,1.9738429133941495,22.096817280957083,43.82386624224972,0.7664435403822555,0.24810392520091734,1.4336472826198454
2032,Philly,IT,FCFS,117.99999999999997,0.65,63.66379263746087,0.0,223.7794516998549,0.0,1.9738429133941495,22.096817280957083,43.82386624224972,0.7664435403822555,0.2481039252009173,1.4769416519514584
2032,Philly,IT,Threshold,117.99999999999997,0.65,63.66379263746087,0.0,94.02770706746657,57.981974505156266,1.9738429133941495,22.096817280957083,43.82386624224972,0.7664435403822555,0.2481039252009173,1.4769416519514584
2032,Philly,IT,CarbonScaler,117.99999999999997,0.65,43.44939944293092,31.75178913647607,64.17222778954117,71.3234493595898,1.9738429133941495,22.096817280957083,43.82386624224972,0.7664435403822555,0.24810392520091729,1.4769416519514584
2032,Philly,IT,ProACT-OPT,117.99999999999997,0.65,49.33557113466883,22.50607591725704,72.86575993160648,67.43858322195821,1.9738429133941495,22.096817280957083,43.82386624224972,0.7664435403822555,0.24810392520091734,1.4769416519514584
2032,Philly,IT,ProACT-OPT-PUE,117.99999999999997,0.65,48.89255045264234,23.201951333522786,192.45496924688766,13.997926179111975,1.9738429133941495,22.096817280957083,43.82386624224972,0.7664435403822555,0.24810392520091734,1.4336472826198454
2032,Philly,DE,FCFS,90.0,0.8,45.442095424659435,0.0,182.30838035237977,0.0,1.9738429133941495,22.096817280957083,43.82386624224972,0.7664435403822555,0.2481039252009173,1.4769416519514584
2032,Philly,DE,Threshold,90.0,0.8,45.442095424659435,0.0,67.11532348463231,63.1858264798872,1.9738429133941495,22.096817280957083,43.82386624224972,0.7664435403822555,0.2481039252009173,1.4769416519514584
2032,Philly,DE,CarbonScaler,90.0,0.8,28.74862793843515,36.73569039944727,42.46004603873026,76.70976728735114,1.9738429133941495,22.096817280957083,43.82386624224972,0.7664435403822555,0.24810392520091729,1.4769416519514584
2032,Philly,DE,ProACT-OPT,90.0,0.8,36.018123849338984,20.738417731957128,53.19666733823494,70.82050356905573,1.9738429133941495,22.096817280957083,43.82386624224972,0.7664435403822555,0.24810392520091734,1.4769416519514584
2032,Philly,DE,ProACT-OPT-PUE,90.0,0.8,35.96650304504143,20.852014615672886,155.07365602578287,14.938821942225323,1.9738429133941495,22.096817280957083,43.82386624224972,0.7664435403822555,0.24810392520091734,1.4336472826198454
2032,Acme,CH,FCFS,14.0,0.55,1056.3290651861885,0.0,1250.1253252254953,0.0,1.3354262662236622,3.8560716802439847,14.597796527735044,0.7230295649391724,0.2622428075113843,1.181423456414757
2032,Acme,CH,Threshold,14.0,0.55,979.5139785797418,7.271889900417284,1157.2207901802487,7.431617708287663,1.6163760059244103,23.8318479047556,30.747824157679183,0.7099053135898432,0.21699566146823795,1.181423456414757
2032,Acme,CH,CarbonScaler,14.0,0.55,958.3534661640265,9.275102072940955,1132.2212644625672,9.43137926924733,1.0373466359948118,3.8806510189296626,14.623631826518992,0.9440153554899922,0.20954104950858582,1.181423456414757
2032,Acme,CH,ProACT-OPT,14.0,0.55,991.9591749682736,6.0937346457061725,1171.9238371133486,6.255491872228158,1.2253835597675709,3.8646353589534446,13.689429289888672,0.777871692916512,0.24338124954008072,1.181423456414757
2032,Acme,CH,ProACT-OPT-PUE,14.0,0.55,1001.2337056930053,5.215738287336835,1179.479288465551,5.651116358849951,1.2253835597675709,4.049346040938738,14.597796527735044,0.7755737387002246,0.24584875473511758,1.175203765664739
2032,Acme,IT,FCFS,117.99999999999997,0.65,8551.498656649715,0.0,10106.262760468573,0.0,1.3354262662236622,3.8560716802439847,14.597796527735044,0.7230295649391724,0.2622428075113843,1.181423456414757
2032,Acme,IT,Threshold,117.99999999999997,0.65,7961.496556556592,6.899400020771029,9405.898780081274,6.9299997139083525,1.6168472287500346,17.200767914311356,26.592709017367,0.7122595171234252,0.24948369746286167,1.181423456414757
2032,Acme,IT,CarbonScaler,117.99999999999997,0.65,8354.949677228324,2.2984156030774194,9870.733525842443,2.3305275175252715,1.0675620190136093,4.405995233891572,20.585895977462435,0.9286549883891809,0.20648870343808476,1.181423456414757
2032,Acme,IT,ProACT-OPT,117.99999999999997,0.65,8281.150602790543,3.1614114053441056,9783.545568239953,3.1932396760051773,1.2050542273096463,3.8646353589534446,13.689429289888672,0.7811118011022793,0.2431018435078568,1.181423456414757
2032,Acme,IT,ProACT-OPT-PUE,117.99999999999997,0.65,8179.051803291266,4.355340137589014,9608.482419740916,4.925464066447627,1.2050542273096463,3.8646353589534446,13.689429289888672,0.7806472768928994,0.24320983463285156,1.1737593492710947
2032,Acme,DE,FCFS,90.0,0.8,7107.40886169107,0.0,8415.771705653751,0.0,1.3354262662236622,3.8560716802439847,14.597796527735044,0.7230295649391724,0.2622428075113843,1.181423456414757
2032,Acme,DE,Threshold,90.0,0.8,6602.00560816545,7.110935410649355,7799.764284868436,7.319678364985583,1.6252639002242575,42.81208684019898,122.04114537219814,0.6510839195040199,0.11396318242369974,1.181423456414757
2032,Acme,DE,CarbonScaler,90.0,0.8,6674.45686873477,6.091558842068467,7885.359903551848,6.3025925684933926,1.0675620190136093,4.405995233891572,20.585895977462435,0.9266882363679162,0.20677184876446192,1.181423456414757
2032,Acme,DE,ProACT-OPT,90.0,0.8,6725.521827457967,5.373083801207423,7945.689243588285,5.585732105228846,1.225084199298311,4.049346040938738,14.597796527735044,0.7732893215232198,0.24789721861708944,1.181423456414757
2032,Acme,DE,ProACT-OPT-PUE,90.0,0.8,6688.540650922451,5.893402489145084,7866.450822129944,6.527278813359105,1.225084199298311,4.049346040938738,14.597796527735044,0.7665161065232108,0.24947178015684582,1.171257287760418
