country,mw,tier,seed,nodes,energy_kwh,ci_weighted_mean,cfe_canonical_pct,cfe_pct,cfe_abs_pct,co2_g_facility,p50_slowdown,p95_slowdown
CH,1,0,0,667,379.7367,31.0631,96.1171,40.1988,100.0000,14212.3402,600.6167,600.6333
CH,1,0,1,667,379.7367,31.0631,96.1171,40.1988,100.0000,14212.3402,600.6167,600.6333
CH,1,0,2,667,379.7367,31.0631,96.1171,40.1988,100.0000,14212.3402,600.6167,600.6333
CH,1,0,3,667,379.7367,31.0631,96.1171,40.1988,100.0000,14212.3402,600.6167,600.6333
CH,1,0,4,667,379.7367,31.0631,96.1171,40.1988,100.0000,14212.3402,600.6167,600.6333
CH,1,0,5,667,379.7367,31.0631,96.1171,40.1988,100.0000,14212.3402,600.6167,600.6333
CH,1,0,6,667,379.7367,31.0631,96.1171,40.1988,100.0000,14212.3402,600.6167,600.6333
CH,1,0,7,667,379.7367,31.0631,96.1171,40.1988,100.0000,14212.3402,600.6167,600.6333
CH,1,1,0,667,378.3617,30.9896,96.1263,40.8354,100.0000,14124.2616,600.6167,600.6333
CH,1,1,1,667,378.3617,30.9896,96.1263,40.8354,100.0000,14124.2616,600.6167,600.6333
CH,1,1,2,667,378.3617,30.9896,96.1263,40.8354,100.0000,14124.2616,600.6167,600.6333
CH,1,1,3,667,378.3617,30.9896,96.1263,40.8354,100.0000,14124.2616,600.6167,600.6333
CH,1,1,4,667,378.3617,30.9896,96.1263,40.8354,100.0000,14124.2616,600.6167,600.6333
CH,1,1,5,667,378.3617,30.9896,96.1263,40.8354,100.0000,14124.2616,600.6167,600.6333
CH,1,1,6,667,378.3617,30.9896,96.1263,40.8354,100.0000,14124.2616,600.6167,600.6333
CH,1,1,7,667,378.3617,30.9896,96.1263,40.8354,100.0000,14124.2616,600.6167,600.6333
CH,1,2,0,667,765.1025,31.8975,96.0128,33.4737,100.0000,28636.5168,1200.6167,1980.6167
CH,1,2,1,667,765.1025,31.8975,96.0128,33.4737,100.0000,28636.5168,1200.6167,1980.6167
CH,1,2,2,667,765.1025,31.8975,96.0128,33.4737,100.0000,28636.5168,1200.6167,1980.6167
CH,1,2,3,667,765.1025,31.8975,96.0128,33.4737,100.0000,28636.5168,1200.6167,1980.6167
CH,1,2,4,667,765.1025,31.8975,96.0128,33.4737,100.0000,28636.5168,1200.6167,1980.6167
CH,1,2,5,667,765.1025,31.8975,96.0128,33.4737,100.0000,28636.5168,1200.6167,1980.6167
CH,1,2,6,667,765.1025,31.8975,96.0128,33.4737,100.0000,28636.5168,1200.6167,1980.6167
CH,1,2,7,667,765.1025,31.8975,96.0128,33.4737,100.0000,28636.5168,1200.6167,1980.6167
CH,1,3,0,667,866.8525,32.0080,95.9990,33.5358,100.0000,32272.9285,1200.6167,2160.6167
CH,1,3,1,667,866.8525,32.0080,95.9990,33.5358,100.0000,32272.9285,1200.6167,2160.6167
CH,1,3,2,667,866.8525,32.0080,95.9990,33.5358,100.0000,32272.9285,1200.6167,2160.6167
CH,1,3,3,667,866.8525,32.0080,95.9990,33.5358,100.0000,32272.9285,1200.6167,2160.6167
CH,1,3,4,667,866.8525,32.0080,95.9990,33.5358,100.0000,32272.9285,1200.6167,2160.6167
CH,1,3,5,667,866.8525,32.0080,95.9990,33.5358,100.0000,32272.9285,1200.6167,2160.6167
CH,1,3,6,667,866.8525,32.0080,95.9990,33.5358,100.0000,32272.9285,1200.6167,2160.6167
CH,1,3,7,667,866.8525,32.0080,95.9990,33.5358,100.0000,32272.9285,1200.6167,2160.6167
CH,1,4,0,667,765.2025,31.8975,96.0128,33.5094,100.0000,28446.0481,1200.6167,1980.6167
CH,1,4,1,667,765.2025,31.8975,96.0128,33.5094,100.0000,28446.0481,1200.6167,1980.6167
CH,1,4,2,667,765.2025,31.8975,96.0128,33.5094,100.0000,28446.0481,1200.6167,1980.6167
CH,1,4,3,667,765.2025,31.8975,96.0128,33.5094,100.0000,28446.0481,1200.6167,1980.6167
CH,1,4,4,667,765.2025,31.8975,96.0128,33.5094,100.0000,28446.0481,1200.6167,1980.6167
CH,1,4,5,667,765.2025,31.8975,96.0128,33.5094,100.0000,28446.0481,1200.6167,1980.6167
CH,1,4,6,667,765.2025,31.8975,96.0128,33.5094,100.0000,28446.0481,1200.6167,1980.6167
CH,1,4,7,667,765.2025,31.8975,96.0128,33.5094,100.0000,28446.0481,1200.6167,1980.6167
CH,1,5,0,667,765.1025,31.8975,96.0128,33.4737,100.0000,28636.5168,1200.6167,1980.6167
CH,1,5,1,667,765.1025,31.8975,96.0128,33.4737,100.0000,28636.5168,1200.6167,1980.6167
CH,1,5,2,667,765.1025,31.8975,96.0128,33.4737,100.0000,28636.5168,1200.6167,1980.6167
CH,1,5,3,667,765.1025,31.8975,96.0128,33.4737,100.0000,28636.5168,1200.6167,1980.6167
CH,1,5,4,667,765.1025,31.8975,96.0128,33.4737,100.0000,28636.5168,1200.6167,1980.6167
CH,1,5,5,667,765.1025,31.8975,96.0128,33.4737,100.0000,28636.5168,1200.6167,1980.6167
CH,1,5,6,667,765.1025,31.8975,96.0128,33.4737,100.0000,28636.5168,1200.6167,1980.6167
CH,1,5,7,667,765.1025,31.8975,96.0128,33.4737,100.0000,28636.5168,1200.6167,1980.6167
CH,10,0,0,6667,3622.6933,31.1372,96.1078,40.3465,100.0000,189650.3234,600.6167,600.6333
CH,10,0,1,6667,3622.6933,31.1372,96.1078,40.3465,100.0000,189650.3234,600.6167,600.6333
CH,10,0,2,6667,3622.6933,31.1372,96.1078,40.3465,100.0000,189650.3234,600.6167,600.6333
CH,10,0,3,6667,3622.6933,31.1372,96.1078,40.3465,100.0000,189650.3234,600.6167,600.6333
CH,10,0,4,6667,3622.6933,31.1372,96.1078,40.3465,100.0000,189650.3234,600.6167,600.6333
CH,10,0,5,6667,3622.6933,31.1372,96.1078,40.3465,100.0000,189650.3234,600.6167,600.6333
CH,10,0,6,6667,3622.6933,31.1372,96.1078,40.3465,100.0000,189650.3234,600.6167,600.6333
CH,10,0,7,6667,3622.6933,31.1372,96.1078,40.3465,100.0000,189650.3234,600.6167,600.6333
CH,10,1,0,6667,3612.5683,31.0564,96.1179,40.9847,100.0000,190415.5927,600.6167,600.6333
CH,10,1,1,6667,3612.5683,31.0564,96.1179,40.9847,100.0000,190415.5927,600.6167,600.6333
CH,10,1,2,6667,3612.5683,31.0564,96.1179,40.9847,100.0000,190415.5927,600.6167,600.6333
CH,10,1,3,6667,3612.5683,31.0564,96.1179,40.9847,100.0000,190415.5927,600.6167,600.6333
CH,10,1,4,6667,3612.5683,31.0564,96.1179,40.9847,100.0000,190415.5927,600.6167,600.6333
CH,10,1,5,6667,3612.5683,31.0564,96.1179,40.9847,100.0000,190415.5927,600.6167,600.6333
CH,10,1,6,6667,3612.5683,31.0564,96.1179,40.9847,100.0000,190415.5927,600.6167,600.6333
CH,10,1,7,6667,3612.5683,31.0564,96.1179,40.9847,100.0000,190415.5927,600.6167,600.6333
CH,10,2,0,6667,7101.4792,32.3792,95.9526,32.3403,100.0000,435841.1852,900.6167,1680.6167
CH,10,2,1,6667,7101.4792,32.3792,95.9526,32.3403,100.0000,435841.1852,900.6167,1680.6167
CH,10,2,2,6667,7101.4792,32.3792,95.9526,32.3403,100.0000,435841.1852,900.6167,1680.6167
CH,10,2,3,6667,7101.4792,32.3792,95.9526,32.3403,100.0000,435841.1852,900.6167,1680.6167
CH,10,2,4,6667,7101.4792,32.3792,95.9526,32.3403,100.0000,435841.1852,900.6167,1680.6167
CH,10,2,5,6667,7101.4792,32.3792,95.9526,32.3403,100.0000,435841.1852,900.6167,1680.6167
CH,10,2,6,6667,7101.4792,32.3792,95.9526,32.3403,100.0000,435841.1852,900.6167,1680.6167
CH,10,2,7,6667,7101.4792,32.3792,95.9526,32.3403,100.0000,435841.1852,900.6167,1680.6167
CH,10,3,0,6667,7101.4792,32.2977,95.9628,32.7327,100.0000,437791.6341,900.6167,1680.6167
CH,10,3,1,6667,7101.4792,32.2977,95.9628,32.7327,100.0000,437791.6341,900.6167,1680.6167
CH,10,3,2,6667,7101.4792,32.2977,95.9628,32.7327,100.0000,437791.6341,900.6167,1680.6167
CH,10,3,3,6667,7101.4792,32.2977,95.9628,32.7327,100.0000,437791.6341,900.6167,1680.6167
CH,10,3,4,6667,7101.4792,32.2977,95.9628,32.7327,100.0000,437791.6341,900.6167,1680.6167
CH,10,3,5,6667,7101.4792,32.2977,95.9628,32.7327,100.0000,437791.6341,900.6167,1680.6167
CH,10,3,6,6667,7101.4792,32.2977,95.9628,32.7327,100.0000,437791.6341,900.6167,1680.6167
CH,10,3,7,6667,7101.4792,32.2977,95.9628,32.7327,100.0000,437791.6341,900.6167,1680.6167
CH,10,4,0,6667,7101.4792,32.3791,95.9526,32.3719,100.0000,435652.9623,900.6167,1680.6167
CH,10,4,1,6667,7101.4792,32.3791,95.9526,32.3719,100.0000,435652.9623,900.6167,1680.6167
CH,10,4,2,6667,7101.4792,32.3791,95.9526,32.3719,100.0000,435652.9623,900.6167,1680.6167
CH,10,4,3,6667,7101.4792,32.3791,95.9526,32.3719,100.0000,435652.9623,900.6167,1680.6167
CH,10,4,4,6667,7101.4792,32.3791,95.9526,32.3719,100.0000,435652.9623,900.6167,1680.6167
CH,10,4,5,6667,7101.4792,32.3791,95.9526,32.3719,100.0000,435652.9623,900.6167,1680.6167
CH,10,4,6,6667,7101.4792,32.3791,95.9526,32.3719,100.0000,435652.9623,900.6167,1680.6167
CH,10,4,7,6667,7101.4792,32.3791,95.9526,32.3719,100.0000,435652.9623,900.6167,1680.6167
CH,10,5,0,6667,7101.4792,32.3792,95.9526,32.3403,100.0000,435841.1852,900.6167,1680.6167
CH,10,5,1,6667,7101.4792,32.3792,95.9526,32.3403,100.0000,435841.1852,900.6167,1680.6167
CH,10,5,2,6667,7101.4792,32.3792,95.9526,32.3403,100.0000,435841.1852,900.6167,1680.6167
CH,10,5,3,6667,7101.4792,32.3792,95.9526,32.3403,100.0000,435841.1852,900.6167,1680.6167
CH,10,5,4,6667,7101.4792,32.3792,95.9526,32.3403,100.0000,435841.1852,900.6167,1680.6167
CH,10,5,5,6667,7101.4792,32.3792,95.9526,32.3403,100.0000,435841.1852,900.6167,1680.6167
CH,10,5,6,6667,7101.4792,32.3792,95.9526,32.3403,100.0000,435841.1852,900.6167,1680.6167
CH,10,5,7,6667,7101.4792,32.3792,95.9526,32.3403,100.0000,435841.1852,900.6167,1680.6167
CH,50,0,0,33333,18029.1283,31.1420,96.1073,40.3680,100.0000,7482899.7225,600.6167,600.6333
CH,50,0,1,33333,18029.1283,31.1420,96.1073,40.3680,100.0000,7482899.7225,600.6167,600.6333
CH,50,0,2,33333,18029.1283,31.1420,96.1073,40.3680,100.0000,7482899.7225,600.6167,600.6333
CH,50,0,3,33333,18029.1283,31.1420,96.1073,40.3680,100.0000,7482899.7225,600.6167,600.6333
CH,50,0,4,33333,18029.1283,31.1420,96.1073,40.3680,100.0000,7482899.7225,600.6167,600.6333
CH,50,0,5,33333,18029.1283,31.1420,96.1073,40.3680,100.0000,7482899.7225,600.6167,600.6333
CH,50,0,6,33333,18029.1283,31.1420,96.1073,40.3680,100.0000,7482899.7225,600.6167,600.6333
CH,50,0,7,33333,18029.1283,31.1420,96.1073,40.3680,100.0000,7482899.7225,600.6167,600.6333
CH,50,1,0,33333,17979.8283,31.0604,96.1175,41.0087,100.0000,7644357.4563,600.6167,600.6333
CH,50,1,1,33333,17979.8283,31.0604,96.1175,41.0087,100.0000,7644357.4563,600.6167,600.6333
CH,50,1,2,33333,17979.8283,31.0604,96.1175,41.0087,100.0000,7644357.4563,600.6167,600.6333
CH,50,1,3,33333,17979.8283,31.0604,96.1175,41.0087,100.0000,7644357.4563,600.6167,600.6333
CH,50,1,4,33333,17979.8283,31.0604,96.1175,41.0087,100.0000,7644357.4563,600.6167,600.6333
CH,50,1,5,33333,17979.8283,31.0604,96.1175,41.0087,100.0000,7644357.4563,600.6167,600.6333
CH,50,1,6,33333,17979.8283,31.0604,96.1175,41.0087,100.0000,7644357.4563,600.6167,600.6333
CH,50,1,7,33333,17979.8283,31.0604,96.1175,41.0087,100.0000,7644357.4563,600.6167,600.6333
CH,50,2,0,33333,34941.1417,32.4289,95.9464,32.0059,100.0000,20344689.8017,900.6167,1620.6167
CH,50,2,1,33333,34941.1417,32.4289,95.9464,32.0059,100.0000,20344689.8017,900.6167,1620.6167
CH,50,2,2,33333,34941.1417,32.4289,95.9464,32.0059,100.0000,20344689.8017,900.6167,1620.6167
CH,50,2,3,33333,34941.1417,32.4289,95.9464,32.0059,100.0000,20344689.8017,900.6167,1620.6167
CH,50,2,4,33333,34941.1417,32.4289,95.9464,32.0059,100.0000,20344689.8017,900.6167,1620.6167
CH,50,2,5,33333,34941.1417,32.4289,95.9464,32.0059,100.0000,20344689.8017,900.6167,1620.6167
CH,50,2,6,33333,34941.1417,32.4289,95.9464,32.0059,100.0000,20344689.8017,900.6167,1620.6167
CH,50,2,7,33333,34941.1417,32.4289,95.9464,32.0059,100.0000,20344689.8017,900.6167,1620.6167
CH,50,3,0,33333,34941.1417,32.3468,95.9567,32.4029,100.0000,20594684.8360,900.6167,1680.6000
CH,50,3,1,33333,34941.1417,32.3468,95.9567,32.4029,100.0000,20594684.8360,900.6167,1680.6000
CH,50,3,2,33333,34941.1417,32.3468,95.9567,32.4029,100.0000,20594684.8360,900.6167,1680.6000
CH,50,3,3,33333,34941.1417,32.3468,95.9567,32.4029,100.0000,20594684.8360,900.6167,1680.6000
CH,50,3,4,33333,34941.1417,32.3468,95.9567,32.4029,100.0000,20594684.8360,900.6167,1680.6000
CH,50,3,5,33333,34941.1417,32.3468,95.9567,32.4029,100.0000,20594684.8360,900.6167,1680.6000
CH,50,3,6,33333,34941.1417,32.3468,95.9567,32.4029,100.0000,20594684.8360,900.6167,1680.6000
CH,50,3,7,33333,34941.1417,32.3468,95.9567,32.4029,100.0000,20594684.8360,900.6167,1680.6000
CH,50,4,0,33333,34941.1417,32.4290,95.9464,32.0366,100.0000,20360052.4436,900.6167,1620.6167
CH,50,4,1,33333,34941.1417,32.4290,95.9464,32.0366,100.0000,20360052.4436,900.6167,1620.6167
CH,50,4,2,33333,34941.1417,32.4290,95.9464,32.0366,100.0000,20360052.4436,900.6167,1620.6167
CH,50,4,3,33333,34941.1417,32.4290,95.9464,32.0366,100.0000,20360052.4436,900.6167,1620.6167
CH,50,4,4,33333,34941.1417,32.4290,95.9464,32.0366,100.0000,20360052.4436,900.6167,1620.6167
CH,50,4,5,33333,34941.1417,32.4290,95.9464,32.0366,100.0000,20360052.4436,900.6167,1620.6167
CH,50,4,6,33333,34941.1417,32.4290,95.9464,32.0366,100.0000,20360052.4436,900.6167,1620.6167
CH,50,4,7,33333,34941.1417,32.4290,95.9464,32.0366,100.0000,20360052.4436,900.6167,1620.6167
CH,50,5,0,33333,34941.1417,32.4289,95.9464,32.0059,100.0000,20344689.8017,900.6167,1620.6167
CH,50,5,1,33333,34941.1417,32.4289,95.9464,32.0059,100.0000,20344689.8017,900.6167,1620.6167
CH,50,5,2,33333,34941.1417,32.4289,95.9464,32.0059,100.0000,20344689.8017,900.6167,1620.6167
CH,50,5,3,33333,34941.1417,32.4289,95.9464,32.0059,100.0000,20344689.8017,900.6167,1620.6167
CH,50,5,4,33333,34941.1417,32.4289,95.9464,32.0059,100.0000,20344689.8017,900.6167,1620.6167
CH,50,5,5,33333,34941.1417,32.4289,95.9464,32.0059,100.0000,20344689.8017,900.6167,1620.6167
CH,50,5,6,33333,34941.1417,32.4289,95.9464,32.0059,100.0000,20344689.8017,900.6167,1620.6167
CH,50,5,7,33333,34941.1417,32.4289,95.9464,32.0059,100.0000,20344689.8017,900.6167,1620.6167
DE,1,0,0,667,379.7367,281.5630,64.8046,59.5313,0.0000,126003.6397,600.6167,600.6333
DE,1,0,1,667,379.7367,281.5630,64.8046,59.5313,0.0000,126003.6397,600.6167,600.6333
DE,1,0,2,667,379.7367,281.5630,64.8046,59.5313,0.0000,126003.6397,600.6167,600.6333
DE,1,0,3,667,379.7367,281.5630,64.8046,59.5313,0.0000,126003.6397,600.6167,600.6333
DE,1,0,4,667,379.7367,281.5630,64.8046,59.5313,0.0000,126003.6397,600.6167,600.6333
DE,1,0,5,667,379.7367,281.5630,64.8046,59.5313,0.0000,126003.6397,600.6167,600.6333
DE,1,0,6,667,379.7367,281.5630,64.8046,59.5313,0.0000,126003.6397,600.6167,600.6333
DE,1,0,7,667,379.7367,281.5630,64.8046,59.5313,0.0000,126003.6397,600.6167,600.6333
DE,1,1,0,667,378.3617,279.4570,65.0679,60.4817,0.0000,124472.9384,600.6167,600.6333
DE,1,1,1,667,378.3617,279.4570,65.0679,60.4817,0.0000,124472.9384,600.6167,600.6333
DE,1,1,2,667,378.3617,279.4570,65.0679,60.4817,0.0000,124472.9384,600.6167,600.6333
DE,1,1,3,667,378.3617,279.4570,65.0679,60.4817,0.0000,124472.9384,600.6167,600.6333
DE,1,1,4,667,378.3617,279.4570,65.0679,60.4817,0.0000,124472.9384,600.6167,600.6333
DE,1,1,5,667,378.3617,279.4570,65.0679,60.4817,0.0000,124472.9384,600.6167,600.6333
DE,1,1,6,667,378.3617,279.4570,65.0679,60.4817,0.0000,124472.9384,600.6167,600.6333
DE,1,1,7,667,378.3617,279.4570,65.0679,60.4817,0.0000,124472.9384,600.6167,600.6333
DE,1,2,0,667,765.1025,305.4442,61.8195,49.5050,0.0000,269399.5265,1200.6167,1980.6167
DE,1,2,1,667,765.1025,305.4442,61.8195,49.5050,0.0000,269399.5265,1200.6167,1980.6167
DE,1,2,2,667,765.1025,305.4442,61.8195,49.5050,0.0000,269399.5265,1200.6167,1980.6167
DE,1,2,3,667,765.1025,305.4442,61.8195,49.5050,0.0000,269399.5265,1200.6167,1980.6167
DE,1,2,4,667,765.1025,305.4442,61.8195,49.5050,0.0000,269399.5265,1200.6167,1980.6167
DE,1,2,5,667,765.1025,305.4442,61.8195,49.5050,0.0000,269399.5265,1200.6167,1980.6167
DE,1,2,6,667,765.1025,305.4442,61.8195,49.5050,0.0000,269399.5265,1200.6167,1980.6167
DE,1,2,7,667,765.1025,305.4442,61.8195,49.5050,0.0000,269399.5265,1200.6167,1980.6167
DE,1,3,0,667,866.8525,310.6930,61.1634,49.1152,0.0000,304834.1998,1200.6167,2160.6167
DE,1,3,1,667,866.8525,310.6930,61.1634,49.1152,0.0000,304834.1998,1200.6167,2160.6167
DE,1,3,2,667,866.8525,310.6930,61.1634,49.1152,0.0000,304834.1998,1200.6167,2160.6167
DE,1,3,3,667,866.8525,310.6930,61.1634,49.1152,0.0000,304834.1998,1200.6167,2160.6167
DE,1,3,4,667,866.8525,310.6930,61.1634,49.1152,0.0000,304834.1998,1200.6167,2160.6167
DE,1,3,5,667,866.8525,310.6930,61.1634,49.1152,0.0000,304834.1998,1200.6167,2160.6167
DE,1,3,6,667,866.8525,310.6930,61.1634,49.1152,0.0000,304834.1998,1200.6167,2160.6167
DE,1,3,7,667,866.8525,310.6930,61.1634,49.1152,0.0000,304834.1998,1200.6167,2160.6167
DE,1,4,0,667,765.5025,305.4462,61.8192,49.0963,0.0000,273513.5633,1200.6167,1980.6167
DE,1,4,1,667,765.5025,305.4462,61.8192,49.0963,0.0000,273513.5633,1200.6167,1980.6167
DE,1,4,2,667,765.5025,305.4462,61.8192,49.0963,0.0000,273513.5633,1200.6167,1980.6167
DE,1,4,3,667,765.5025,305.4462,61.8192,49.0963,0.0000,273513.5633,1200.6167,1980.6167
DE,1,4,4,667,765.5025,305.4462,61.8192,49.0963,0.0000,273513.5633,1200.6167,1980.6167
DE,1,4,5,667,765.5025,305.4462,61.8192,49.0963,0.0000,273513.5633,1200.6167,1980.6167
DE,1,4,6,667,765.5025,305.4462,61.8192,49.0963,0.0000,273513.5633,1200.6167,1980.6167
DE,1,4,7,667,765.5025,305.4462,61.8192,49.0963,0.0000,273513.5633,1200.6167,1980.6167
DE,1,5,0,667,765.1025,305.4442,61.8195,49.5050,0.0000,269399.5265,1200.6167,1980.6167
DE,1,5,1,667,765.1025,305.4442,61.8195,49.5050,0.0000,269399.5265,1200.6167,1980.6167
DE,1,5,2,667,765.1025,305.4442,61.8195,49.5050,0.0000,269399.5265,1200.6167,1980.6167
DE,1,5,3,667,765.1025,305.4442,61.8195,49.5050,0.0000,269399.5265,1200.6167,1980.6167
DE,1,5,4,667,765.1025,305.4442,61.8195,49.5050,0.0000,269399.5265,1200.6167,1980.6167
DE,1,5,5,667,765.1025,305.4442,61.8195,49.5050,0.0000,269399.5265,1200.6167,1980.6167
DE,1,5,6,667,765.1025,305.4442,61.8195,49.5050,0.0000,269399.5265,1200.6167,1980.6167
DE,1,5,7,667,765.1025,305.4442,61.8195,49.5050,0.0000,269399.5265,1200.6167,1980.6167
DE,10,0,0,6667,3622.6933,283.6902,64.5387,59.7518,0.0000,1624287.8393,600.6167,600.6333
DE,10,0,1,6667,3622.6933,283.6902,64.5387,59.7518,0.0000,1624287.8393,600.6167,600.6333
DE,10,0,2,6667,3622.6933,283.6902,64.5387,59.7518,0.0000,1624287.8393,600.6167,600.6333
DE,10,0,3,6667,3622.6933,283.6902,64.5387,59.7518,0.0000,1624287.8393,600.6167,600.6333
DE,10,0,4,6667,3622.6933,283.6902,64.5387,59.7518,0.0000,1624287.8393,600.6167,600.6333
DE,10,0,5,6667,3622.6933,283.6902,64.5387,59.7518,0.0000,1624287.8393,600.6167,600.6333
DE,10,0,6,6667,3622.6933,283.6902,64.5387,59.7518,0.0000,1624287.8393,600.6167,600.6333
DE,10,0,7,6667,3622.6933,283.6902,64.5387,59.7518,0.0000,1624287.8393,600.6167,600.6333
DE,10,1,0,6667,3612.5683,281.3734,64.8283,60.7047,0.0000,1619302.3032,600.6167,600.6333
DE,10,1,1,6667,3612.5683,281.3734,64.8283,60.7047,0.0000,1619302.3032,600.6167,600.6333
DE,10,1,2,6667,3612.5683,281.3734,64.8283,60.7047,0.0000,1619302.3032,600.6167,600.6333
DE,10,1,3,6667,3612.5683,281.3734,64.8283,60.7047,0.0000,1619302.3032,600.6167,600.6333
DE,10,1,4,6667,3612.5683,281.3734,64.8283,60.7047,0.0000,1619302.3032,600.6167,600.6333
DE,10,1,5,6667,3612.5683,281.3734,64.8283,60.7047,0.0000,1619302.3032,600.6167,600.6333
DE,10,1,6,6667,3612.5683,281.3734,64.8283,60.7047,0.0000,1619302.3032,600.6167,600.6333
DE,10,1,7,6667,3612.5683,281.3734,64.8283,60.7047,0.0000,1619302.3032,600.6167,600.6333
DE,10,2,0,6667,7101.4792,319.2809,60.0899,47.8102,0.0000,4134617.7427,900.6167,1680.6167
DE,10,2,1,6667,7101.4792,319.2809,60.0899,47.8102,0.0000,4134617.7427,900.6167,1680.6167
DE,10,2,2,6667,7101.4792,319.2809,60.0899,47.8102,0.0000,4134617.7427,900.6167,1680.6167
DE,10,2,3,6667,7101.4792,319.2809,60.0899,47.8102,0.0000,4134617.7427,900.6167,1680.6167
DE,10,2,4,6667,7101.4792,319.2809,60.0899,47.8102,0.0000,4134617.7427,900.6167,1680.6167
DE,10,2,5,6667,7101.4792,319.2809,60.0899,47.8102,0.0000,4134617.7427,900.6167,1680.6167
DE,10,2,6,6667,7101.4792,319.2809,60.0899,47.8102,0.0000,4134617.7427,900.6167,1680.6167
DE,10,2,7,6667,7101.4792,319.2809,60.0899,47.8102,0.0000,4134617.7427,900.6167,1680.6167
DE,10,3,0,6667,7101.4792,319.2809,60.0899,47.8102,0.0000,4134617.7427,900.6167,1680.6167
DE,10,3,1,6667,7101.4792,319.2809,60.0899,47.8102,0.0000,4134617.7427,900.6167,1680.6167
DE,10,3,2,6667,7101.4792,319.2809,60.0899,47.8102,0.0000,4134617.7427,900.6167,1680.6167
DE,10,3,3,6667,7101.4792,319.2809,60.0899,47.8102,0.0000,4134617.7427,900.6167,1680.6167
DE,10,3,4,6667,7101.4792,319.2809,60.0899,47.8102,0.0000,4134617.7427,900.6167,1680.6167
DE,10,3,5,6667,7101.4792,319.2809,60.0899,47.8102,0.0000,4134617.7427,900.6167,1680.6167
DE,10,3,6,6667,7101.4792,319.2809,60.0899,47.8102,0.0000,4134617.7427,900.6167,1680.6167
DE,10,3,7,6667,7101.4792,319.2809,60.0899,47.8102,0.0000,4134617.7427,900.6167,1680.6167
DE,10,4,0,6667,7101.4792,319.3043,60.0870,47.3885,0.0000,4128240.1513,900.6167,1680.6167
DE,10,4,1,6667,7101.4792,319.3043,60.0870,47.3885,0.0000,4128240.1513,900.6167,1680.6167
DE,10,4,2,6667,7101.4792,319.3043,60.0870,47.3885,0.0000,4128240.1513,900.6167,1680.6167
DE,10,4,3,6667,7101.4792,319.3043,60.0870,47.3885,0.0000,4128240.1513,900.6167,1680.6167
DE,10,4,4,6667,7101.4792,319.3043,60.0870,47.3885,0.0000,4128240.1513,900.6167,1680.6167
DE,10,4,5,6667,7101.4792,319.3043,60.0870,47.3885,0.0000,4128240.1513,900.6167,1680.6167
DE,10,4,6,6667,7101.4792,319.3043,60.0870,47.3885,0.0000,4128240.1513,900.6167,1680.6167
DE,10,4,7,6667,7101.4792,319.3043,60.0870,47.3885,0.0000,4128240.1513,900.6167,1680.6167
DE,10,5,0,6667,7101.4792,319.2809,60.0899,47.8102,0.0000,4134617.7427,900.6167,1680.6167
DE,10,5,1,6667,7101.4792,319.2809,60.0899,47.8102,0.0000,4134617.7427,900.6167,1680.6167
DE,10,5,2,6667,7101.4792,319.2809,60.0899,47.8102,0.0000,4134617.7427,900.6167,1680.6167
DE,10,5,3,6667,7101.4792,319.2809,60.0899,47.8102,0.0000,4134617.7427,900.6167,1680.6167
DE,10,5,4,6667,7101.4792,319.2809,60.0899,47.8102,0.0000,4134617.7427,900.6167,1680.6167
DE,10,5,5,6667,7101.4792,319.2809,60.0899,47.8102,0.0000,4134617.7427,900.6167,1680.6167
DE,10,5,6,6667,7101.4792,319.2809,60.0899,47.8102,0.0000,4134617.7427,900.6167,1680.6167
DE,10,5,7,6667,7101.4792,319.2809,60.0899,47.8102,0.0000,4134617.7427,900.6167,1680.6167
DE,50,0,0,33333,18029.1283,283.8267,64.5217,59.7839,0.0000,60937892.9587,600.6167,600.6333
DE,50,0,1,33333,18029.1283,283.8267,64.5217,59.7839,0.0000,60937892.9587,600.6167,600.6333
DE,50,0,2,33333,18029.1283,283.8267,64.5217,59.7839,0.0000,60937892.9587,600.6167,600.6333
DE,50,0,3,33333,18029.1283,283.8267,64.5217,59.7839,0.0000,60937892.9587,600.6167,600.6333
DE,50,0,4,33333,18029.1283,283.8267,64.5217,59.7839,0.0000,60937892.9587,600.6167,600.6333
DE,50,0,5,33333,18029.1283,283.8267,64.5217,59.7839,0.0000,60937892.9587,600.6167,600.6333
DE,50,0,6,33333,18029.1283,283.8267,64.5217,59.7839,0.0000,60937892.9587,600.6167,600.6333
DE,50,0,7,33333,18029.1283,283.8267,64.5217,59.7839,0.0000,60937892.9587,600.6167,600.6333
DE,50,1,0,33333,17979.8283,281.4855,64.8143,60.7405,0.0000,61844711.6099,600.6167,600.6333
DE,50,1,1,33333,17979.8283,281.4855,64.8143,60.7405,0.0000,61844711.6099,600.6167,600.6333
DE,50,1,2,33333,17979.8283,281.4855,64.8143,60.7405,0.0000,61844711.6099,600.6167,600.6333
DE,50,1,3,33333,17979.8283,281.4855,64.8143,60.7405,0.0000,61844711.6099,600.6167,600.6333
DE,50,1,4,33333,17979.8283,281.4855,64.8143,60.7405,0.0000,61844711.6099,600.6167,600.6333
DE,50,1,5,33333,17979.8283,281.4855,64.8143,60.7405,0.0000,61844711.6099,600.6167,600.6333
DE,50,1,6,33333,17979.8283,281.4855,64.8143,60.7405,0.0000,61844711.6099,600.6167,600.6333
DE,50,1,7,33333,17979.8283,281.4855,64.8143,60.7405,0.0000,61844711.6099,600.6167,600.6333
DE,50,2,0,33333,34941.1417,320.7104,59.9112,47.3103,0.0000,193169939.2412,900.6167,1620.6167
DE,50,2,1,33333,34941.1417,320.7104,59.9112,47.3103,0.0000,193169939.2412,900.6167,1620.6167
DE,50,2,2,33333,34941.1417,320.7104,59.9112,47.3103,0.0000,193169939.2412,900.6167,1620.6167
DE,50,2,3,33333,34941.1417,320.7104,59.9112,47.3103,0.0000,193169939.2412,900.6167,1620.6167
DE,50,2,4,33333,34941.1417,320.7104,59.9112,47.3103,0.0000,193169939.2412,900.6167,1620.6167
DE,50,2,5,33333,34941.1417,320.7104,59.9112,47.3103,0.0000,193169939.2412,900.6167,1620.6167
DE,50,2,6,33333,34941.1417,320.7104,59.9112,47.3103,0.0000,193169939.2412,900.6167,1620.6167
DE,50,2,7,33333,34941.1417,320.7104,59.9112,47.3103,0.0000,193169939.2412,900.6167,1620.6167
DE,50,3,0,33333,34941.1417,320.7104,59.9112,47.3103,0.0000,193169939.2412,900.6167,1620.6167
DE,50,3,1,33333,34941.1417,320.7104,59.9112,47.3103,0.0000,193169939.2412,900.6167,1620.6167
DE,50,3,2,33333,34941.1417,320.7104,59.9112,47.3103,0.0000,193169939.2412,900.6167,1620.6167
DE,50,3,3,33333,34941.1417,320.7104,59.9112,47.3103,0.0000,193169939.2412,900.6167,1620.6167
DE,50,3,4,33333,34941.1417,320.7104,59.9112,47.3103,0.0000,193169939.2412,900.6167,1620.6167
DE,50,3,5,33333,34941.1417,320.7104,59.9112,47.3103,0.0000,193169939.2412,900.6167,1620.6167
DE,50,3,6,33333,34941.1417,320.7104,59.9112,47.3103,0.0000,193169939.2412,900.6167,1620.6167
DE,50,3,7,33333,34941.1417,320.7104,59.9112,47.3103,0.0000,193169939.2412,900.6167,1620.6167
DE,50,4,0,33333,34941.1417,320.7273,59.9091,46.8879,0.0000,191434692.7186,900.6167,1620.6167
DE,50,4,1,33333,34941.1417,320.7273,59.9091,46.8879,0.0000,191434692.7186,900.6167,1620.6167
DE,50,4,2,33333,34941.1417,320.7273,59.9091,46.8879,0.0000,191434692.7186,900.6167,1620.6167
DE,50,4,3,33333,34941.1417,320.7273,59.9091,46.8879,0.0000,191434692.7186,900.6167,1620.6167
DE,50,4,4,33333,34941.1417,320.7273,59.9091,46.8879,0.0000,191434692.7186,900.6167,1620.6167
DE,50,4,5,33333,34941.1417,320.7273,59.9091,46.8879,0.0000,191434692.7186,900.6167,1620.6167
DE,50,4,6,33333,34941.1417,320.7273,59.9091,46.8879,0.0000,191434692.7186,900.6167,1620.6167
DE,50,4,7,33333,34941.1417,320.7273,59.9091,46.8879,0.0000,191434692.7186,900.6167,1620.6167
DE,50,5,0,33333,34941.1417,320.7104,59.9112,47.3103,0.0000,193169939.2412,900.6167,1620.6167
DE,50,5,1,33333,34941.1417,320.7104,59.9112,47.3103,0.0000,193169939.2412,900.6167,1620.6167
DE,50,5,2,33333,34941.1417,320.7104,59.9112,47.3103,0.0000,193169939.2412,900.6167,1620.6167
DE,50,5,3,33333,34941.1417,320.7104,59.9112,47.3103,0.0000,193169939.2412,900.6167,1620.6167
DE,50,5,4,33333,34941.1417,320.7104,59.9112,47.3103,0.0000,193169939.2412,900.6167,1620.6167
DE,50,5,5,33333,34941.1417,320.7104,59.9112,47.3103,0.0000,193169939.2412,900.6167,1620.6167
DE,50,5,6,33333,34941.1417,320.7104,59.9112,47.3103,0.0000,193169939.2412,900.6167,1620.6167
DE,50,5,7,33333,34941.1417,320.7104,59.9112,47.3103,0.0000,193169939.2412,900.6167,1620.6167
FR,1,0,0,667,379.7367,54.3182,93.2102,45.2573,100.0000,24786.2252,600.6167,600.6333
FR,1,0,1,667,379.7367,54.3182,93.2102,45.2573,100.0000,24786.2252,600.6167,600.6333
FR,1,0,2,667,379.7367,54.3182,93.2102,45.2573,100.0000,24786.2252,600.6167,600.6333
FR,1,0,3,667,379.7367,54.3182,93.2102,45.2573,100.0000,24786.2252,600.6167,600.6333
FR,1,0,4,667,379.7367,54.3182,93.2102,45.2573,100.0000,24786.2252,600.6167,600.6333
FR,1,0,5,667,379.7367,54.3182,93.2102,45.2573,100.0000,24786.2252,600.6167,600.6333
FR,1,0,6,667,379.7367,54.3182,93.2102,45.2573,100.0000,24786.2252,600.6167,600.6333
FR,1,0,7,667,379.7367,54.3182,93.2102,45.2573,100.0000,24786.2252,600.6167,600.6333
FR,1,1,0,667,378.3617,54.1561,93.2305,45.9757,100.0000,24615.0455,600.6167,600.6333
FR,1,1,1,667,378.3617,54.1561,93.2305,45.9757,100.0000,24615.0455,600.6167,600.6333
FR,1,1,2,667,378.3617,54.1561,93.2305,45.9757,100.0000,24615.0455,600.6167,600.6333
FR,1,1,3,667,378.3617,54.1561,93.2305,45.9757,100.0000,24615.0455,600.6167,600.6333
FR,1,1,4,667,378.3617,54.1561,93.2305,45.9757,100.0000,24615.0455,600.6167,600.6333
FR,1,1,5,667,378.3617,54.1561,93.2305,45.9757,100.0000,24615.0455,600.6167,600.6333
FR,1,1,6,667,378.3617,54.1561,93.2305,45.9757,100.0000,24615.0455,600.6167,600.6333
FR,1,1,7,667,378.3617,54.1561,93.2305,45.9757,100.0000,24615.0455,600.6167,600.6333
FR,1,2,0,667,765.1025,56.1598,92.9800,37.6705,100.0000,50305.4510,1200.6167,1980.6167
FR,1,2,1,667,765.1025,56.1598,92.9800,37.6705,100.0000,50305.4510,1200.6167,1980.6167
FR,1,2,2,667,765.1025,56.1598,92.9800,37.6705,100.0000,50305.4510,1200.6167,1980.6167
FR,1,2,3,667,765.1025,56.1598,92.9800,37.6705,100.0000,50305.4510,1200.6167,1980.6167
FR,1,2,4,667,765.1025,56.1598,92.9800,37.6705,100.0000,50305.4510,1200.6167,1980.6167
FR,1,2,5,667,765.1025,56.1598,92.9800,37.6705,100.0000,50305.4510,1200.6167,1980.6167
FR,1,2,6,667,765.1025,56.1598,92.9800,37.6705,100.0000,50305.4510,1200.6167,1980.6167
FR,1,2,7,667,765.1025,56.1598,92.9800,37.6705,100.0000,50305.4510,1200.6167,1980.6167
FR,1,3,0,667,866.8525,56.5640,92.9295,37.3727,100.0000,56801.3999,1200.6167,2160.6167
FR,1,3,1,667,866.8525,56.5640,92.9295,37.3727,100.0000,56801.3999,1200.6167,2160.6167
FR,1,3,2,667,866.8525,56.5640,92.9295,37.3727,100.0000,56801.3999,1200.6167,2160.6167
FR,1,3,3,667,866.8525,56.5640,92.9295,37.3727,100.0000,56801.3999,1200.6167,2160.6167
FR,1,3,4,667,866.8525,56.5640,92.9295,37.3727,100.0000,56801.3999,1200.6167,2160.6167
FR,1,3,5,667,866.8525,56.5640,92.9295,37.3727,100.0000,56801.3999,1200.6167,2160.6167
FR,1,3,6,667,866.8525,56.5640,92.9295,37.3727,100.0000,56801.3999,1200.6167,2160.6167
FR,1,3,7,667,866.8525,56.5640,92.9295,37.3727,100.0000,56801.3999,1200.6167,2160.6167
FR,1,4,0,667,765.3525,56.1597,92.9800,37.6046,100.0000,50383.3532,1200.6167,1980.6167
FR,1,4,1,667,765.3525,56.1597,92.9800,37.6046,100.0000,50383.3532,1200.6167,1980.6167
FR,1,4,2,667,765.3525,56.1597,92.9800,37.6046,100.0000,50383.3532,1200.6167,1980.6167
FR,1,4,3,667,765.3525,56.1597,92.9800,37.6046,100.0000,50383.3532,1200.6167,1980.6167
FR,1,4,4,667,765.3525,56.1597,92.9800,37.6046,100.0000,50383.3532,1200.6167,1980.6167
FR,1,4,5,667,765.3525,56.1597,92.9800,37.6046,100.0000,50383.3532,1200.6167,1980.6167
FR,1,4,6,667,765.3525,56.1597,92.9800,37.6046,100.0000,50383.3532,1200.6167,1980.6167
FR,1,4,7,667,765.3525,56.1597,92.9800,37.6046,100.0000,50383.3532,1200.6167,1980.6167
FR,1,5,0,667,765.1025,56.1598,92.9800,37.6705,100.0000,50305.4510,1200.6167,1980.6167
FR,1,5,1,667,765.1025,56.1598,92.9800,37.6705,100.0000,50305.4510,1200.6167,1980.6167
FR,1,5,2,667,765.1025,56.1598,92.9800,37.6705,100.0000,50305.4510,1200.6167,1980.6167
FR,1,5,3,667,765.1025,56.1598,92.9800,37.6705,100.0000,50305.4510,1200.6167,1980.6167
FR,1,5,4,667,765.1025,56.1598,92.9800,37.6705,100.0000,50305.4510,1200.6167,1980.6167
FR,1,5,5,667,765.1025,56.1598,92.9800,37.6705,100.0000,50305.4510,1200.6167,1980.6167
FR,1,5,6,667,765.1025,56.1598,92.9800,37.6705,100.0000,50305.4510,1200.6167,1980.6167
FR,1,5,7,667,765.1025,56.1598,92.9800,37.6705,100.0000,50305.4510,1200.6167,1980.6167
FR,10,0,0,6667,3622.6933,54.4820,93.1897,45.4239,100.0000,329410.5091,600.6167,600.6333
FR,10,0,1,6667,3622.6933,54.4820,93.1897,45.4239,100.0000,329410.5091,600.6167,600.6333
FR,10,0,2,6667,3622.6933,54.4820,93.1897,45.4239,100.0000,329410.5091,600.6167,600.6333
FR,10,0,3,6667,3622.6933,54.4820,93.1897,45.4239,100.0000,329410.5091,600.6167,600.6333
FR,10,0,4,6667,3622.6933,54.4820,93.1897,45.4239,100.0000,329410.5091,600.6167,600.6333
FR,10,0,5,6667,3622.6933,54.4820,93.1897,45.4239,100.0000,329410.5091,600.6167,600.6333
FR,10,0,6,6667,3622.6933,54.4820,93.1897,45.4239,100.0000,329410.5091,600.6167,600.6333
FR,10,0,7,6667,3622.6933,54.4820,93.1897,45.4239,100.0000,329410.5091,600.6167,600.6333
FR,10,1,0,6667,3612.5683,54.3036,93.2120,46.1443,100.0000,330469.3088,600.6167,600.6333
FR,10,1,1,6667,3612.5683,54.3036,93.2120,46.1443,100.0000,330469.3088,600.6167,600.6333
FR,10,1,2,6667,3612.5683,54.3036,93.2120,46.1443,100.0000,330469.3088,600.6167,600.6333
FR,10,1,3,6667,3612.5683,54.3036,93.2120,46.1443,100.0000,330469.3088,600.6167,600.6333
FR,10,1,4,6667,3612.5683,54.3036,93.2120,46.1443,100.0000,330469.3088,600.6167,600.6333
FR,10,1,5,6667,3612.5683,54.3036,93.2120,46.1443,100.0000,330469.3088,600.6167,600.6333
FR,10,1,6,6667,3612.5683,54.3036,93.2120,46.1443,100.0000,330469.3088,600.6167,600.6333
FR,10,1,7,6667,3612.5683,54.3036,93.2120,46.1443,100.0000,330469.3088,600.6167,600.6333
FR,10,2,0,6667,7101.4792,57.2239,92.8470,36.3907,100.0000,766443.9461,900.6167,1680.6167
FR,10,2,1,6667,7101.4792,57.2239,92.8470,36.3907,100.0000,766443.9461,900.6167,1680.6167
FR,10,2,2,6667,7101.4792,57.2239,92.8470,36.3907,100.0000,766443.9461,900.6167,1680.6167
FR,10,2,3,6667,7101.4792,57.2239,92.8470,36.3907,100.0000,766443.9461,900.6167,1680.6167
FR,10,2,4,6667,7101.4792,57.2239,92.8470,36.3907,100.0000,766443.9461,900.6167,1680.6167
FR,10,2,5,6667,7101.4792,57.2239,92.8470,36.3907,100.0000,766443.9461,900.6167,1680.6167
FR,10,2,6,6667,7101.4792,57.2239,92.8470,36.3907,100.0000,766443.9461,900.6167,1680.6167
FR,10,2,7,6667,7101.4792,57.2239,92.8470,36.3907,100.0000,766443.9461,900.6167,1680.6167
FR,10,3,0,6667,7101.4792,57.2239,92.8470,36.3907,100.0000,766443.9461,900.6167,1680.6167
FR,10,3,1,6667,7101.4792,57.2239,92.8470,36.3907,100.0000,766443.9461,900.6167,1680.6167
FR,10,3,2,6667,7101.4792,57.2239,92.8470,36.3907,100.0000,766443.9461,900.6167,1680.6167
FR,10,3,3,6667,7101.4792,57.2239,92.8470,36.3907,100.0000,766443.9461,900.6167,1680.6167
FR,10,3,4,6667,7101.4792,57.2239,92.8470,36.3907,100.0000,766443.9461,900.6167,1680.6167
FR,10,3,5,6667,7101.4792,57.2239,92.8470,36.3907,100.0000,766443.9461,900.6167,1680.6167
FR,10,3,6,6667,7101.4792,57.2239,92.8470,36.3907,100.0000,766443.9461,900.6167,1680.6167
FR,10,3,7,6667,7101.4792,57.2239,92.8470,36.3907,100.0000,766443.9461,900.6167,1680.6167
FR,10,4,0,6667,7101.4792,57.2244,92.8469,36.3154,100.0000,765477.4001,900.6167,1680.6167
FR,10,4,1,6667,7101.4792,57.2244,92.8469,36.3154,100.0000,765477.4001,900.6167,1680.6167
FR,10,4,2,6667,7101.4792,57.2244,92.8469,36.3154,100.0000,765477.4001,900.6167,1680.6167
FR,10,4,3,6667,7101.4792,57.2244,92.8469,36.3154,100.0000,765477.4001,900.6167,1680.6167
FR,10,4,4,6667,7101.4792,57.2244,92.8469,36.3154,100.0000,765477.4001,900.6167,1680.6167
FR,10,4,5,6667,7101.4792,57.2244,92.8469,36.3154,100.0000,765477.4001,900.6167,1680.6167
FR,10,4,6,6667,7101.4792,57.2244,92.8469,36.3154,100.0000,765477.4001,900.6167,1680.6167
FR,10,4,7,6667,7101.4792,57.2244,92.8469,36.3154,100.0000,765477.4001,900.6167,1680.6167
FR,10,5,0,6667,7101.4792,57.2239,92.8470,36.3907,100.0000,766443.9461,900.6167,1680.6167
FR,10,5,1,6667,7101.4792,57.2239,92.8470,36.3907,100.0000,766443.9461,900.6167,1680.6167
FR,10,5,2,6667,7101.4792,57.2239,92.8470,36.3907,100.0000,766443.9461,900.6167,1680.6167
FR,10,5,3,6667,7101.4792,57.2239,92.8470,36.3907,100.0000,766443.9461,900.6167,1680.6167
FR,10,5,4,6667,7101.4792,57.2239,92.8470,36.3907,100.0000,766443.9461,900.6167,1680.6167
FR,10,5,5,6667,7101.4792,57.2239,92.8470,36.3907,100.0000,766443.9461,900.6167,1680.6167
FR,10,5,6,6667,7101.4792,57.2239,92.8470,36.3907,100.0000,766443.9461,900.6167,1680.6167
FR,10,5,7,6667,7101.4792,57.2239,92.8470,36.3907,100.0000,766443.9461,900.6167,1680.6167
FR,50,0,0,33333,18029.1283,54.4925,93.1884,45.4482,100.0000,12923490.5067,600.6167,600.6333
FR,50,0,1,33333,18029.1283,54.4925,93.1884,45.4482,100.0000,12923490.5067,600.6167,600.6333
FR,50,0,2,33333,18029.1283,54.4925,93.1884,45.4482,100.0000,12923490.5067,600.6167,600.6333
FR,50,0,3,33333,18029.1283,54.4925,93.1884,45.4482,100.0000,12923490.5067,600.6167,600.6333
FR,50,0,4,33333,18029.1283,54.4925,93.1884,45.4482,100.0000,12923490.5067,600.6167,600.6333
FR,50,0,5,33333,18029.1283,54.4925,93.1884,45.4482,100.0000,12923490.5067,600.6167,600.6333
FR,50,0,6,33333,18029.1283,54.4925,93.1884,45.4482,100.0000,12923490.5067,600.6167,600.6333
FR,50,0,7,33333,18029.1283,54.4925,93.1884,45.4482,100.0000,12923490.5067,600.6167,600.6333
FR,50,1,0,33333,17979.8283,54.3123,93.2110,46.1713,100.0000,13192777.4550,600.6167,600.6333
FR,50,1,1,33333,17979.8283,54.3123,93.2110,46.1713,100.0000,13192777.4550,600.6167,600.6333
FR,50,1,2,33333,17979.8283,54.3123,93.2110,46.1713,100.0000,13192777.4550,600.6167,600.6333
FR,50,1,3,33333,17979.8283,54.3123,93.2110,46.1713,100.0000,13192777.4550,600.6167,600.6333
FR,50,1,4,33333,17979.8283,54.3123,93.2110,46.1713,100.0000,13192777.4550,600.6167,600.6333
FR,50,1,5,33333,17979.8283,54.3123,93.2110,46.1713,100.0000,13192777.4550,600.6167,600.6333
FR,50,1,6,33333,17979.8283,54.3123,93.2110,46.1713,100.0000,13192777.4550,600.6167,600.6333
FR,50,1,7,33333,17979.8283,54.3123,93.2110,46.1713,100.0000,13192777.4550,600.6167,600.6333
FR,50,2,0,33333,34941.1417,57.3339,92.8333,36.0132,100.0000,35780914.3266,900.6167,1620.6167
FR,50,2,1,33333,34941.1417,57.3339,92.8333,36.0132,100.0000,35780914.3266,900.6167,1620.6167
FR,50,2,2,33333,34941.1417,57.3339,92.8333,36.0132,100.0000,35780914.3266,900.6167,1620.6167
FR,50,2,3,33333,34941.1417,57.3339,92.8333,36.0132,100.0000,35780914.3266,900.6167,1620.6167
FR,50,2,4,33333,34941.1417,57.3339,92.8333,36.0132,100.0000,35780914.3266,900.6167,1620.6167
FR,50,2,5,33333,34941.1417,57.3339,92.8333,36.0132,100.0000,35780914.3266,900.6167,1620.6167
FR,50,2,6,33333,34941.1417,57.3339,92.8333,36.0132,100.0000,35780914.3266,900.6167,1620.6167
FR,50,2,7,33333,34941.1417,57.3339,92.8333,36.0132,100.0000,35780914.3266,900.6167,1620.6167
FR,50,3,0,33333,34941.1417,57.3339,92.8333,36.0132,100.0000,35780914.3266,900.6167,1620.6167
FR,50,3,1,33333,34941.1417,57.3339,92.8333,36.0132,100.0000,35780914.3266,900.6167,1620.6167
FR,50,3,2,33333,34941.1417,57.3339,92.8333,36.0132,100.0000,35780914.3266,900.6167,1620.6167
FR,50,3,3,33333,34941.1417,57.3339,92.8333,36.0132,100.0000,35780914.3266,900.6167,1620.6167
FR,50,3,4,33333,34941.1417,57.3339,92.8333,36.0132,100.0000,35780914.3266,900.6167,1620.6167
FR,50,3,5,33333,34941.1417,57.3339,92.8333,36.0132,100.0000,35780914.3266,900.6167,1620.6167
FR,50,3,6,33333,34941.1417,57.3339,92.8333,36.0132,100.0000,35780914.3266,900.6167,1620.6167
FR,50,3,7,33333,34941.1417,57.3339,92.8333,36.0132,100.0000,35780914.3266,900.6167,1620.6167
FR,50,4,0,33333,34941.1417,57.3345,92.8332,35.9362,100.0000,35685496.0760,900.6167,1620.6167
FR,50,4,1,33333,34941.1417,57.3345,92.8332,35.9362,100.0000,35685496.0760,900.6167,1620.6167
FR,50,4,2,33333,34941.1417,57.3345,92.8332,35.9362,100.0000,35685496.0760,900.6167,1620.6167
FR,50,4,3,33333,34941.1417,57.3345,92.8332,35.9362,100.0000,35685496.0760,900.6167,1620.6167
FR,50,4,4,33333,34941.1417,57.3345,92.8332,35.9362,100.0000,35685496.0760,900.6167,1620.6167
FR,50,4,5,33333,34941.1417,57.3345,92.8332,35.9362,100.0000,35685496.0760,900.6167,1620.6167
FR,50,4,6,33333,34941.1417,57.3345,92.8332,35.9362,100.0000,35685496.0760,900.6167,1620.6167
FR,50,4,7,33333,34941.1417,57.3345,92.8332,35.9362,100.0000,35685496.0760,900.6167,1620.6167
FR,50,5,0,33333,34941.1417,57.3339,92.8333,36.0132,100.0000,35780914.3266,900.6167,1620.6167
FR,50,5,1,33333,34941.1417,57.3339,92.8333,36.0132,100.0000,35780914.3266,900.6167,1620.6167
FR,50,5,2,33333,34941.1417,57.3339,92.8333,36.0132,100.0000,35780914.3266,900.6167,1620.6167
FR,50,5,3,33333,34941.1417,57.3339,92.8333,36.0132,100.0000,35780914.3266,900.6167,1620.6167
FR,50,5,4,33333,34941.1417,57.3339,92.8333,36.0132,100.0000,35780914.3266,900.6167,1620.6167
FR,50,5,5,33333,34941.1417,57.3339,92.8333,36.0132,100.0000,35780914.3266,900.6167,1620.6167
FR,50,5,6,33333,34941.1417,57.3339,92.8333,36.0132,100.0000,35780914.3266,900.6167,1620.6167
FR,50,5,7,33333,34941.1417,57.3339,92.8333,36.0132,100.0000,35780914.3266,900.6167,1620.6167
IT,1,0,0,667,379.7367,255.3326,68.0834,54.0694,0.0000,115428.6335,600.6167,600.6333
IT,1,0,1,667,379.7367,255.3326,68.0834,54.0694,0.0000,115428.6335,600.6167,600.6333
IT,1,0,2,667,379.7367,255.3326,68.0834,54.0694,0.0000,115428.6335,600.6167,600.6333
IT,1,0,3,667,379.7367,255.3326,68.0834,54.0694,0.0000,115428.6335,600.6167,600.6333
IT,1,0,4,667,379.7367,255.3326,68.0834,54.0694,0.0000,115428.6335,600.6167,600.6333
IT,1,0,5,667,379.7367,255.3326,68.0834,54.0694,0.0000,115428.6335,600.6167,600.6333
IT,1,0,6,667,379.7367,255.3326,68.0834,54.0694,0.0000,115428.6335,600.6167,600.6333
IT,1,0,7,667,379.7367,255.3326,68.0834,54.0694,0.0000,115428.6335,600.6167,600.6333
IT,1,1,0,667,378.3617,254.0170,68.2479,54.9311,0.0000,114342.6310,600.6167,600.6333
IT,1,1,1,667,378.3617,254.0170,68.2479,54.9311,0.0000,114342.6310,600.6167,600.6333
IT,1,1,2,667,378.3617,254.0170,68.2479,54.9311,0.0000,114342.6310,600.6167,600.6333
IT,1,1,3,667,378.3617,254.0170,68.2479,54.9311,0.0000,114342.6310,600.6167,600.6333
IT,1,1,4,667,378.3617,254.0170,68.2479,54.9311,0.0000,114342.6310,600.6167,600.6333
IT,1,1,5,667,378.3617,254.0170,68.2479,54.9311,0.0000,114342.6310,600.6167,600.6333
IT,1,1,6,667,378.3617,254.0170,68.2479,54.9311,0.0000,114342.6310,600.6167,600.6333
IT,1,1,7,667,378.3617,254.0170,68.2479,54.9311,0.0000,114342.6310,600.6167,600.6333
IT,1,2,0,667,765.1025,270.2580,66.2178,44.9757,0.0000,240246.7859,1200.6167,1980.6167
IT,1,2,1,667,765.1025,270.2580,66.2178,44.9757,0.0000,240246.7859,1200.6167,1980.6167
IT,1,2,2,667,765.1025,270.2580,66.2178,44.9757,0.0000,240246.7859,1200.6167,1980.6167
IT,1,2,3,667,765.1025,270.2580,66.2178,44.9757,0.0000,240246.7859,1200.6167,1980.6167
IT,1,2,4,667,765.1025,270.2580,66.2178,44.9757,0.0000,240246.7859,1200.6167,1980.6167
IT,1,2,5,667,765.1025,270.2580,66.2178,44.9757,0.0000,240246.7859,1200.6167,1980.6167
IT,1,2,6,667,765.1025,270.2580,66.2178,44.9757,0.0000,240246.7859,1200.6167,1980.6167
IT,1,2,7,667,765.1025,270.2580,66.2178,44.9757,0.0000,240246.7859,1200.6167,1980.6167
IT,1,3,0,667,866.8525,273.5369,65.8079,44.6212,0.0000,271552.8427,1200.6167,2160.6167
IT,1,3,1,667,866.8525,273.5369,65.8079,44.6212,0.0000,271552.8427,1200.6167,2160.6167
IT,1,3,2,667,866.8525,273.5369,65.8079,44.6212,0.0000,271552.8427,1200.6167,2160.6167
IT,1,3,3,667,866.8525,273.5369,65.8079,44.6212,0.0000,271552.8427,1200.6167,2160.6167
IT,1,3,4,667,866.8525,273.5369,65.8079,44.6212,0.0000,271552.8427,1200.6167,2160.6167
IT,1,3,5,667,866.8525,273.5369,65.8079,44.6212,0.0000,271552.8427,1200.6167,2160.6167
IT,1,3,6,667,866.8525,273.5369,65.8079,44.6212,0.0000,271552.8427,1200.6167,2160.6167
IT,1,3,7,667,866.8525,273.5369,65.8079,44.6212,0.0000,271552.8427,1200.6167,2160.6167
IT,1,4,0,667,765.4775,270.2588,66.2177,44.7129,0.0000,243464.8285,1200.6167,1980.6167
IT,1,4,1,667,765.4775,270.2588,66.2177,44.7129,0.0000,243464.8285,1200.6167,1980.6167
IT,1,4,2,667,765.4775,270.2588,66.2177,44.7129,0.0000,243464.8285,1200.6167,1980.6167
IT,1,4,3,667,765.4775,270.2588,66.2177,44.7129,0.0000,243464.8285,1200.6167,1980.6167
IT,1,4,4,667,765.4775,270.2588,66.2177,44.7129,0.0000,243464.8285,1200.6167,1980.6167
IT,1,4,5,667,765.4775,270.2588,66.2177,44.7129,0.0000,243464.8285,1200.6167,1980.6167
IT,1,4,6,667,765.4775,270.2588,66.2177,44.7129,0.0000,243464.8285,1200.6167,1980.6167
IT,1,4,7,667,765.4775,270.2588,66.2177,44.7129,0.0000,243464.8285,1200.6167,1980.6167
IT,1,5,0,667,765.1025,270.2580,66.2178,44.9757,0.0000,240246.7859,1200.6167,1980.6167
IT,1,5,1,667,765.1025,270.2580,66.2178,44.9757,0.0000,240246.7859,1200.6167,1980.6167
IT,1,5,2,667,765.1025,270.2580,66.2178,44.9757,0.0000,240246.7859,1200.6167,1980.6167
IT,1,5,3,667,765.1025,270.2580,66.2178,44.9757,0.0000,240246.7859,1200.6167,1980.6167
IT,1,5,4,667,765.1025,270.2580,66.2178,44.9757,0.0000,240246.7859,1200.6167,1980.6167
IT,1,5,5,667,765.1025,270.2580,66.2178,44.9757,0.0000,240246.7859,1200.6167,1980.6167
IT,1,5,6,667,765.1025,270.2580,66.2178,44.9757,0.0000,240246.7859,1200.6167,1980.6167
IT,1,5,7,667,765.1025,270.2580,66.2178,44.9757,0.0000,240246.7859,1200.6167,1980.6167
IT,10,0,0,6667,3622.6933,256.6615,67.9173,54.2693,0.0000,1512054.5495,600.6167,600.6333
IT,10,0,1,6667,3622.6933,256.6615,67.9173,54.2693,0.0000,1512054.5495,600.6167,600.6333
IT,10,0,2,6667,3622.6933,256.6615,67.9173,54.2693,0.0000,1512054.5495,600.6167,600.6333
IT,10,0,3,6667,3622.6933,256.6615,67.9173,54.2693,0.0000,1512054.5495,600.6167,600.6333
IT,10,0,4,6667,3622.6933,256.6615,67.9173,54.2693,0.0000,1512054.5495,600.6167,600.6333
IT,10,0,5,6667,3622.6933,256.6615,67.9173,54.2693,0.0000,1512054.5495,600.6167,600.6333
IT,10,0,6,6667,3622.6933,256.6615,67.9173,54.2693,0.0000,1512054.5495,600.6167,600.6333
IT,10,0,7,6667,3622.6933,256.6615,67.9173,54.2693,0.0000,1512054.5495,600.6167,600.6333
IT,10,1,0,6667,3612.5683,255.2142,68.0982,55.1334,0.0000,1512451.5123,600.6167,600.6333
IT,10,1,1,6667,3612.5683,255.2142,68.0982,55.1334,0.0000,1512451.5123,600.6167,600.6333
IT,10,1,2,6667,3612.5683,255.2142,68.0982,55.1334,0.0000,1512451.5123,600.6167,600.6333
IT,10,1,3,6667,3612.5683,255.2142,68.0982,55.1334,0.0000,1512451.5123,600.6167,600.6333
IT,10,1,4,6667,3612.5683,255.2142,68.0982,55.1334,0.0000,1512451.5123,600.6167,600.6333
IT,10,1,5,6667,3612.5683,255.2142,68.0982,55.1334,0.0000,1512451.5123,600.6167,600.6333
IT,10,1,6,6667,3612.5683,255.2142,68.0982,55.1334,0.0000,1512451.5123,600.6167,600.6333
IT,10,1,7,6667,3612.5683,255.2142,68.0982,55.1334,0.0000,1512451.5123,600.6167,600.6333
IT,10,2,0,6667,7101.4792,278.8987,65.1377,43.4396,0.0000,3673514.9266,900.6167,1680.6167
IT,10,2,1,6667,7101.4792,278.8987,65.1377,43.4396,0.0000,3673514.9266,900.6167,1680.6167
IT,10,2,2,6667,7101.4792,278.8987,65.1377,43.4396,0.0000,3673514.9266,900.6167,1680.6167
IT,10,2,3,6667,7101.4792,278.8987,65.1377,43.4396,0.0000,3673514.9266,900.6167,1680.6167
IT,10,2,4,6667,7101.4792,278.8987,65.1377,43.4396,0.0000,3673514.9266,900.6167,1680.6167
IT,10,2,5,6667,7101.4792,278.8987,65.1377,43.4396,0.0000,3673514.9266,900.6167,1680.6167
IT,10,2,6,6667,7101.4792,278.8987,65.1377,43.4396,0.0000,3673514.9266,900.6167,1680.6167
IT,10,2,7,6667,7101.4792,278.8987,65.1377,43.4396,0.0000,3673514.9266,900.6167,1680.6167
IT,10,3,0,6667,7101.4792,278.8987,65.1377,43.4396,0.0000,3673514.9266,900.6167,1680.6167
IT,10,3,1,6667,7101.4792,278.8987,65.1377,43.4396,0.0000,3673514.9266,900.6167,1680.6167
IT,10,3,2,6667,7101.4792,278.8987,65.1377,43.4396,0.0000,3673514.9266,900.6167,1680.6167
IT,10,3,3,6667,7101.4792,278.8987,65.1377,43.4396,0.0000,3673514.9266,900.6167,1680.6167
IT,10,3,4,6667,7101.4792,278.8987,65.1377,43.4396,0.0000,3673514.9266,900.6167,1680.6167
IT,10,3,5,6667,7101.4792,278.8987,65.1377,43.4396,0.0000,3673514.9266,900.6167,1680.6167
IT,10,3,6,6667,7101.4792,278.8987,65.1377,43.4396,0.0000,3673514.9266,900.6167,1680.6167
IT,10,3,7,6667,7101.4792,278.8987,65.1377,43.4396,0.0000,3673514.9266,900.6167,1680.6167
IT,10,4,0,6667,7101.4792,278.9101,65.1362,43.1636,0.0000,3666491.9962,900.6167,1680.6167
IT,10,4,1,6667,7101.4792,278.9101,65.1362,43.1636,0.0000,3666491.9962,900.6167,1680.6167
IT,10,4,2,6667,7101.4792,278.9101,65.1362,43.1636,0.0000,3666491.9962,900.6167,1680.6167
IT,10,4,3,6667,7101.4792,278.9101,65.1362,43.1636,0.0000,3666491.9962,900.6167,1680.6167
IT,10,4,4,6667,7101.4792,278.9101,65.1362,43.1636,0.0000,3666491.9962,900.6167,1680.6167
IT,10,4,5,6667,7101.4792,278.9101,65.1362,43.1636,0.0000,3666491.9962,900.6167,1680.6167
IT,10,4,6,6667,7101.4792,278.9101,65.1362,43.1636,0.0000,3666491.9962,900.6167,1680.6167
IT,10,4,7,6667,7101.4792,278.9101,65.1362,43.1636,0.0000,3666491.9962,900.6167,1680.6167
IT,10,5,0,6667,7101.4792,278.8987,65.1377,43.4396,0.0000,3673514.9266,900.6167,1680.6167
IT,10,5,1,6667,7101.4792,278.8987,65.1377,43.4396,0.0000,3673514.9266,900.6167,1680.6167
IT,10,5,2,6667,7101.4792,278.8987,65.1377,43.4396,0.0000,3673514.9266,900.6167,1680.6167
IT,10,5,3,6667,7101.4792,278.8987,65.1377,43.4396,0.0000,3673514.9266,900.6167,1680.6167
IT,10,5,4,6667,7101.4792,278.8987,65.1377,43.4396,0.0000,3673514.9266,900.6167,1680.6167
IT,10,5,5,6667,7101.4792,278.8987,65.1377,43.4396,0.0000,3673514.9266,900.6167,1680.6167
IT,10,5,6,6667,7101.4792,278.8987,65.1377,43.4396,0.0000,3673514.9266,900.6167,1680.6167
IT,10,5,7,6667,7101.4792,278.8987,65.1377,43.4396,0.0000,3673514.9266,900.6167,1680.6167
IT,50,0,0,33333,18029.1283,256.7468,67.9067,54.2984,0.0000,58102705.8133,600.6167,600.6333
IT,50,0,1,33333,18029.1283,256.7468,67.9067,54.2984,0.0000,58102705.8133,600.6167,600.6333
IT,50,0,2,33333,18029.1283,256.7468,67.9067,54.2984,0.0000,58102705.8133,600.6167,600.6333
IT,50,0,3,33333,18029.1283,256.7468,67.9067,54.2984,0.0000,58102705.8133,600.6167,600.6333
IT,50,0,4,33333,18029.1283,256.7468,67.9067,54.2984,0.0000,58102705.8133,600.6167,600.6333
IT,50,0,5,33333,18029.1283,256.7468,67.9067,54.2984,0.0000,58102705.8133,600.6167,600.6333
IT,50,0,6,33333,18029.1283,256.7468,67.9067,54.2984,0.0000,58102705.8133,600.6167,600.6333
IT,50,0,7,33333,18029.1283,256.7468,67.9067,54.2984,0.0000,58102705.8133,600.6167,600.6333
IT,50,1,0,33333,17979.8283,255.2843,68.0895,55.1658,0.0000,59154681.1209,600.6167,600.6333
IT,50,1,1,33333,17979.8283,255.2843,68.0895,55.1658,0.0000,59154681.1209,600.6167,600.6333
IT,50,1,2,33333,17979.8283,255.2843,68.0895,55.1658,0.0000,59154681.1209,600.6167,600.6333
IT,50,1,3,33333,17979.8283,255.2843,68.0895,55.1658,0.0000,59154681.1209,600.6167,600.6333
IT,50,1,4,33333,17979.8283,255.2843,68.0895,55.1658,0.0000,59154681.1209,600.6167,600.6333
IT,50,1,5,33333,17979.8283,255.2843,68.0895,55.1658,0.0000,59154681.1209,600.6167,600.6333
IT,50,1,6,33333,17979.8283,255.2843,68.0895,55.1658,0.0000,59154681.1209,600.6167,600.6333
IT,50,1,7,33333,17979.8283,255.2843,68.0895,55.1658,0.0000,59154681.1209,600.6167,600.6333
IT,50,2,0,33333,34941.1417,279.7914,65.0261,42.9864,0.0000,171560317.8313,900.6167,1620.6167
IT,50,2,1,33333,34941.1417,279.7914,65.0261,42.9864,0.0000,171560317.8313,900.6167,1620.6167
IT,50,2,2,33333,34941.1417,279.7914,65.0261,42.9864,0.0000,171560317.8313,900.6167,1620.6167
IT,50,2,3,33333,34941.1417,279.7914,65.0261,42.9864,0.0000,171560317.8313,900.6167,1620.6167
IT,50,2,4,33333,34941.1417,279.7914,65.0261,42.9864,0.0000,171560317.8313,900.6167,1620.6167
IT,50,2,5,33333,34941.1417,279.7914,65.0261,42.9864,0.0000,171560317.8313,900.6167,1620.6167
IT,50,2,6,33333,34941.1417,279.7914,65.0261,42.9864,0.0000,171560317.8313,900.6167,1620.6167
IT,50,2,7,33333,34941.1417,279.7914,65.0261,42.9864,0.0000,171560317.8313,900.6167,1620.6167
IT,50,3,0,33333,34941.1417,279.7914,65.0261,42.9864,0.0000,171560317.8313,900.6167,1620.6167
IT,50,3,1,33333,34941.1417,279.7914,65.0261,42.9864,0.0000,171560317.8313,900.6167,1620.6167
IT,50,3,2,33333,34941.1417,279.7914,65.0261,42.9864,0.0000,171560317.8313,900.6167,1620.6167
IT,50,3,3,33333,34941.1417,279.7914,65.0261,42.9864,0.0000,171560317.8313,900.6167,1620.6167
IT,50,3,4,33333,34941.1417,279.7914,65.0261,42.9864,0.0000,171560317.8313,900.6167,1620.6167
IT,50,3,5,33333,34941.1417,279.7914,65.0261,42.9864,0.0000,171560317.8313,900.6167,1620.6167
IT,50,3,6,33333,34941.1417,279.7914,65.0261,42.9864,0.0000,171560317.8313,900.6167,1620.6167
IT,50,3,7,33333,34941.1417,279.7914,65.0261,42.9864,0.0000,171560317.8313,900.6167,1620.6167
IT,50,4,0,33333,34941.1417,279.8012,65.0249,42.7093,0.0000,170294207.4166,900.6167,1620.6167
IT,50,4,1,33333,34941.1417,279.8012,65.0249,42.7093,0.0000,170294207.4166,900.6167,1620.6167
IT,50,4,2,33333,34941.1417,279.8012,65.0249,42.7093,0.0000,170294207.4166,900.6167,1620.6167
IT,50,4,3,33333,34941.1417,279.8012,65.0249,42.7093,0.0000,170294207.4166,900.6167,1620.6167
IT,50,4,4,33333,34941.1417,279.8012,65.0249,42.7093,0.0000,170294207.4166,900.6167,1620.6167
IT,50,4,5,33333,34941.1417,279.8012,65.0249,42.7093,0.0000,170294207.4166,900.6167,1620.6167
IT,50,4,6,33333,34941.1417,279.8012,65.0249,42.7093,0.0000,170294207.4166,900.6167,1620.6167
IT,50,4,7,33333,34941.1417,279.8012,65.0249,42.7093,0.0000,170294207.4166,900.6167,1620.6167
IT,50,5,0,33333,34941.1417,279.7914,65.0261,42.9864,0.0000,171560317.8313,900.6167,1620.6167
IT,50,5,1,33333,34941.1417,279.7914,65.0261,42.9864,0.0000,171560317.8313,900.6167,1620.6167
IT,50,5,2,33333,34941.1417,279.7914,65.0261,42.9864,0.0000,171560317.8313,900.6167,1620.6167
IT,50,5,3,33333,34941.1417,279.7914,65.0261,42.9864,0.0000,171560317.8313,900.6167,1620.6167
IT,50,5,4,33333,34941.1417,279.7914,65.0261,42.9864,0.0000,171560317.8313,900.6167,1620.6167
IT,50,5,5,33333,34941.1417,279.7914,65.0261,42.9864,0.0000,171560317.8313,900.6167,1620.6167
IT,50,5,6,33333,34941.1417,279.7914,65.0261,42.9864,0.0000,171560317.8313,900.6167,1620.6167
IT,50,5,7,33333,34941.1417,279.7914,65.0261,42.9864,0.0000,171560317.8313,900.6167,1620.6167
PL,1,0,0,667,379.7367,599.2081,25.0990,54.1379,0.0000,270086.4677,600.6167,600.6333
PL,1,0,1,667,379.7367,599.2081,25.0990,54.1379,0.0000,270086.4677,600.6167,600.6333
PL,1,0,2,667,379.7367,599.2081,25.0990,54.1379,0.0000,270086.4677,600.6167,600.6333
PL,1,0,3,667,379.7367,599.2081,25.0990,54.1379,0.0000,270086.4677,600.6167,600.6333
PL,1,0,4,667,379.7367,599.2081,25.0990,54.1379,0.0000,270086.4677,600.6167,600.6333
PL,1,0,5,667,379.7367,599.2081,25.0990,54.1379,0.0000,270086.4677,600.6167,600.6333
PL,1,0,6,667,379.7367,599.2081,25.0990,54.1379,0.0000,270086.4677,600.6167,600.6333
PL,1,0,7,667,379.7367,599.2081,25.0990,54.1379,0.0000,270086.4677,600.6167,600.6333
PL,1,1,0,667,378.3617,595.7129,25.5359,55.0013,0.0000,267330.5313,600.6167,600.6333
PL,1,1,1,667,378.3617,595.7129,25.5359,55.0013,0.0000,267330.5313,600.6167,600.6333
PL,1,1,2,667,378.3617,595.7129,25.5359,55.0013,0.0000,267330.5313,600.6167,600.6333
PL,1,1,3,667,378.3617,595.7129,25.5359,55.0013,0.0000,267330.5313,600.6167,600.6333
PL,1,1,4,667,378.3617,595.7129,25.5359,55.0013,0.0000,267330.5313,600.6167,600.6333
PL,1,1,5,667,378.3617,595.7129,25.5359,55.0013,0.0000,267330.5313,600.6167,600.6333
PL,1,1,6,667,378.3617,595.7129,25.5359,55.0013,0.0000,267330.5313,600.6167,600.6333
PL,1,1,7,667,378.3617,595.7129,25.5359,55.0013,0.0000,267330.5313,600.6167,600.6333
PL,1,2,0,667,765.1025,638.8541,20.1432,45.0279,0.0000,566588.3669,1200.6167,1980.6167
PL,1,2,1,667,765.1025,638.8541,20.1432,45.0279,0.0000,566588.3669,1200.6167,1980.6167
PL,1,2,2,667,765.1025,638.8541,20.1432,45.0279,0.0000,566588.3669,1200.6167,1980.6167
PL,1,2,3,667,765.1025,638.8541,20.1432,45.0279,0.0000,566588.3669,1200.6167,1980.6167
PL,1,2,4,667,765.1025,638.8541,20.1432,45.0279,0.0000,566588.3669,1200.6167,1980.6167
PL,1,2,5,667,765.1025,638.8541,20.1432,45.0279,0.0000,566588.3669,1200.6167,1980.6167
PL,1,2,6,667,765.1025,638.8541,20.1432,45.0279,0.0000,566588.3669,1200.6167,1980.6167
PL,1,2,7,667,765.1025,638.8541,20.1432,45.0279,0.0000,566588.3669,1200.6167,1980.6167
PL,1,3,0,667,866.8525,647.5654,19.0543,44.6731,0.0000,640624.5618,1200.6167,2160.6167
PL,1,3,1,667,866.8525,647.5654,19.0543,44.6731,0.0000,640624.5618,1200.6167,2160.6167
PL,1,3,2,667,866.8525,647.5654,19.0543,44.6731,0.0000,640624.5618,1200.6167,2160.6167
PL,1,3,3,667,866.8525,647.5654,19.0543,44.6731,0.0000,640624.5618,1200.6167,2160.6167
PL,1,3,4,667,866.8525,647.5654,19.0543,44.6731,0.0000,640624.5618,1200.6167,2160.6167
PL,1,3,5,667,866.8525,647.5654,19.0543,44.6731,0.0000,640624.5618,1200.6167,2160.6167
PL,1,3,6,667,866.8525,647.5654,19.0543,44.6731,0.0000,640624.5618,1200.6167,2160.6167
PL,1,3,7,667,866.8525,647.5654,19.0543,44.6731,0.0000,640624.5618,1200.6167,2160.6167
PL,1,4,0,667,765.4775,638.8563,20.1430,44.7634,0.0000,574295.5302,1200.6167,1980.6167
PL,1,4,1,667,765.4775,638.8563,20.1430,44.7634,0.0000,574295.5302,1200.6167,1980.6167
PL,1,4,2,667,765.4775,638.8563,20.1430,44.7634,0.0000,574295.5302,1200.6167,1980.6167
PL,1,4,3,667,765.4775,638.8563,20.1430,44.7634,0.0000,574295.5302,1200.6167,1980.6167
PL,1,4,4,667,765.4775,638.8563,20.1430,44.7634,0.0000,574295.5302,1200.6167,1980.6167
PL,1,4,5,667,765.4775,638.8563,20.1430,44.7634,0.0000,574295.5302,1200.6167,1980.6167
PL,1,4,6,667,765.4775,638.8563,20.1430,44.7634,0.0000,574295.5302,1200.6167,1980.6167
PL,1,4,7,667,765.4775,638.8563,20.1430,44.7634,0.0000,574295.5302,1200.6167,1980.6167
PL,1,5,0,667,765.1025,638.8541,20.1432,45.0279,0.0000,566588.3669,1200.6167,1980.6167
PL,1,5,1,667,765.1025,638.8541,20.1432,45.0279,0.0000,566588.3669,1200.6167,1980.6167
PL,1,5,2,667,765.1025,638.8541,20.1432,45.0279,0.0000,566588.3669,1200.6167,1980.6167
PL,1,5,3,667,765.1025,638.8541,20.1432,45.0279,0.0000,566588.3669,1200.6167,1980.6167
PL,1,5,4,667,765.1025,638.8541,20.1432,45.0279,0.0000,566588.3669,1200.6167,1980.6167
PL,1,5,5,667,765.1025,638.8541,20.1432,45.0279,0.0000,566588.3669,1200.6167,1980.6167
PL,1,5,6,667,765.1025,638.8541,20.1432,45.0279,0.0000,566588.3669,1200.6167,1980.6167
PL,1,5,7,667,765.1025,638.8541,20.1432,45.0279,0.0000,566588.3669,1200.6167,1980.6167
PL,10,0,0,6667,3622.6933,602.7385,24.6577,54.3382,0.0000,3521626.5360,600.6167,600.6333
PL,10,0,1,6667,3622.6933,602.7385,24.6577,54.3382,0.0000,3521626.5360,600.6167,600.6333
PL,10,0,2,6667,3622.6933,602.7385,24.6577,54.3382,0.0000,3521626.5360,600.6167,600.6333
PL,10,0,3,6667,3622.6933,602.7385,24.6577,54.3382,0.0000,3521626.5360,600.6167,600.6333
PL,10,0,4,6667,3622.6933,602.7385,24.6577,54.3382,0.0000,3521626.5360,600.6167,600.6333
PL,10,0,5,6667,3622.6933,602.7385,24.6577,54.3382,0.0000,3521626.5360,600.6167,600.6333
PL,10,0,6,6667,3622.6933,602.7385,24.6577,54.3382,0.0000,3521626.5360,600.6167,600.6333
PL,10,0,7,6667,3622.6933,602.7385,24.6577,54.3382,0.0000,3521626.5360,600.6167,600.6333
PL,10,1,0,6667,3612.5683,598.8935,25.1383,55.2039,0.0000,3519182.8164,600.6167,600.6333
PL,10,1,1,6667,3612.5683,598.8935,25.1383,55.2039,0.0000,3519182.8164,600.6167,600.6333
PL,10,1,2,6667,3612.5683,598.8935,25.1383,55.2039,0.0000,3519182.8164,600.6167,600.6333
PL,10,1,3,6667,3612.5683,598.8935,25.1383,55.2039,0.0000,3519182.8164,600.6167,600.6333
PL,10,1,4,6667,3612.5683,598.8935,25.1383,55.2039,0.0000,3519182.8164,600.6167,600.6333
PL,10,1,5,6667,3612.5683,598.8935,25.1383,55.2039,0.0000,3519182.8164,600.6167,600.6333
PL,10,1,6,6667,3612.5683,598.8935,25.1383,55.2039,0.0000,3519182.8164,600.6167,600.6333
PL,10,1,7,6667,3612.5683,598.8935,25.1383,55.2039,0.0000,3519182.8164,600.6167,600.6333
PL,10,2,0,6667,7101.4792,661.8133,17.2733,43.4887,0.0000,8673017.3475,900.6167,1680.6167
PL,10,2,1,6667,7101.4792,661.8133,17.2733,43.4887,0.0000,8673017.3475,900.6167,1680.6167
PL,10,2,2,6667,7101.4792,661.8133,17.2733,43.4887,0.0000,8673017.3475,900.6167,1680.6167
PL,10,2,3,6667,7101.4792,661.8133,17.2733,43.4887,0.0000,8673017.3475,900.6167,1680.6167
PL,10,2,4,6667,7101.4792,661.8133,17.2733,43.4887,0.0000,8673017.3475,900.6167,1680.6167
PL,10,2,5,6667,7101.4792,661.8133,17.2733,43.4887,0.0000,8673017.3475,900.6167,1680.6167
PL,10,2,6,6667,7101.4792,661.8133,17.2733,43.4887,0.0000,8673017.3475,900.6167,1680.6167
PL,10,2,7,6667,7101.4792,661.8133,17.2733,43.4887,0.0000,8673017.3475,900.6167,1680.6167
PL,10,3,0,6667,7101.4792,661.8133,17.2733,43.4887,0.0000,8673017.3475,900.6167,1680.6167
PL,10,3,1,6667,7101.4792,661.8133,17.2733,43.4887,0.0000,8673017.3475,900.6167,1680.6167
PL,10,3,2,6667,7101.4792,661.8133,17.2733,43.4887,0.0000,8673017.3475,900.6167,1680.6167
PL,10,3,3,6667,7101.4792,661.8133,17.2733,43.4887,0.0000,8673017.3475,900.6167,1680.6167
PL,10,3,4,6667,7101.4792,661.8133,17.2733,43.4887,0.0000,8673017.3475,900.6167,1680.6167
PL,10,3,5,6667,7101.4792,661.8133,17.2733,43.4887,0.0000,8673017.3475,900.6167,1680.6167
PL,10,3,6,6667,7101.4792,661.8133,17.2733,43.4887,0.0000,8673017.3475,900.6167,1680.6167
PL,10,3,7,6667,7101.4792,661.8133,17.2733,43.4887,0.0000,8673017.3475,900.6167,1680.6167
PL,10,4,0,6667,7101.4792,661.8436,17.2696,43.2110,0.0000,8658693.2905,900.6167,1680.6167
PL,10,4,1,6667,7101.4792,661.8436,17.2696,43.2110,0.0000,8658693.2905,900.6167,1680.6167
PL,10,4,2,6667,7101.4792,661.8436,17.2696,43.2110,0.0000,8658693.2905,900.6167,1680.6167
PL,10,4,3,6667,7101.4792,661.8436,17.2696,43.2110,0.0000,8658693.2905,900.6167,1680.6167
PL,10,4,4,6667,7101.4792,661.8436,17.2696,43.2110,0.0000,8658693.2905,900.6167,1680.6167
PL,10,4,5,6667,7101.4792,661.8436,17.2696,43.2110,0.0000,8658693.2905,900.6167,1680.6167
PL,10,4,6,6667,7101.4792,661.8436,17.2696,43.2110,0.0000,8658693.2905,900.6167,1680.6167
PL,10,4,7,6667,7101.4792,661.8436,17.2696,43.2110,0.0000,8658693.2905,900.6167,1680.6167
PL,10,5,0,6667,7101.4792,661.8133,17.2733,43.4887,0.0000,8673017.3475,900.6167,1680.6167
PL,10,5,1,6667,7101.4792,661.8133,17.2733,43.4887,0.0000,8673017.3475,900.6167,1680.6167
PL,10,5,2,6667,7101.4792,661.8133,17.2733,43.4887,0.0000,8673017.3475,900.6167,1680.6167
PL,10,5,3,6667,7101.4792,661.8133,17.2733,43.4887,0.0000,8673017.3475,900.6167,1680.6167
PL,10,5,4,6667,7101.4792,661.8133,17.2733,43.4887,0.0000,8673017.3475,900.6167,1680.6167
PL,10,5,5,6667,7101.4792,661.8133,17.2733,43.4887,0.0000,8673017.3475,900.6167,1680.6167
PL,10,5,6,6667,7101.4792,661.8133,17.2733,43.4887,0.0000,8673017.3475,900.6167,1680.6167
PL,10,5,7,6667,7101.4792,661.8133,17.2733,43.4887,0.0000,8673017.3475,900.6167,1680.6167
PL,50,0,0,33333,18029.1283,602.9651,24.6294,54.3673,0.0000,134403608.1889,600.6167,600.6333
PL,50,0,1,33333,18029.1283,602.9651,24.6294,54.3673,0.0000,134403608.1889,600.6167,600.6333
PL,50,0,2,33333,18029.1283,602.9651,24.6294,54.3673,0.0000,134403608.1889,600.6167,600.6333
PL,50,0,3,33333,18029.1283,602.9651,24.6294,54.3673,0.0000,134403608.1889,600.6167,600.6333
PL,50,0,4,33333,18029.1283,602.9651,24.6294,54.3673,0.0000,134403608.1889,600.6167,600.6333
PL,50,0,5,33333,18029.1283,602.9651,24.6294,54.3673,0.0000,134403608.1889,600.6167,600.6333
PL,50,0,6,33333,18029.1283,602.9651,24.6294,54.3673,0.0000,134403608.1889,600.6167,600.6333
PL,50,0,7,33333,18029.1283,602.9651,24.6294,54.3673,0.0000,134403608.1889,600.6167,600.6333
PL,50,1,0,33333,17979.8283,599.0796,25.1151,55.2364,0.0000,136714755.8272,600.6167,600.6333
PL,50,1,1,33333,17979.8283,599.0796,25.1151,55.2364,0.0000,136714755.8272,600.6167,600.6333
PL,50,1,2,33333,17979.8283,599.0796,25.1151,55.2364,0.0000,136714755.8272,600.6167,600.6333
PL,50,1,3,33333,17979.8283,599.0796,25.1151,55.2364,0.0000,136714755.8272,600.6167,600.6333
PL,50,1,4,33333,17979.8283,599.0796,25.1151,55.2364,0.0000,136714755.8272,600.6167,600.6333
PL,50,1,5,33333,17979.8283,599.0796,25.1151,55.2364,0.0000,136714755.8272,600.6167,600.6333
PL,50,1,6,33333,17979.8283,599.0796,25.1151,55.2364,0.0000,136714755.8272,600.6167,600.6333
PL,50,1,7,33333,17979.8283,599.0796,25.1151,55.2364,0.0000,136714755.8272,600.6167,600.6333
PL,50,2,0,33333,34941.1417,664.1853,16.9768,43.0346,0.0000,405093654.7735,900.6167,1620.6167
PL,50,2,1,33333,34941.1417,664.1853,16.9768,43.0346,0.0000,405093654.7735,900.6167,1620.6167
PL,50,2,2,33333,34941.1417,664.1853,16.9768,43.0346,0.0000,405093654.7735,900.6167,1620.6167
PL,50,2,3,33333,34941.1417,664.1853,16.9768,43.0346,0.0000,405093654.7735,900.6167,1620.6167
PL,50,2,4,33333,34941.1417,664.1853,16.9768,43.0346,0.0000,405093654.7735,900.6167,1620.6167
PL,50,2,5,33333,34941.1417,664.1853,16.9768,43.0346,0.0000,405093654.7735,900.6167,1620.6167
PL,50,2,6,33333,34941.1417,664.1853,16.9768,43.0346,0.0000,405093654.7735,900.6167,1620.6167
PL,50,2,7,33333,34941.1417,664.1853,16.9768,43.0346,0.0000,405093654.7735,900.6167,1620.6167
PL,50,3,0,33333,34941.1417,664.1853,16.9768,43.0346,0.0000,405093654.7735,900.6167,1620.6167
PL,50,3,1,33333,34941.1417,664.1853,16.9768,43.0346,0.0000,405093654.7735,900.6167,1620.6167
PL,50,3,2,33333,34941.1417,664.1853,16.9768,43.0346,0.0000,405093654.7735,900.6167,1620.6167
PL,50,3,3,33333,34941.1417,664.1853,16.9768,43.0346,0.0000,405093654.7735,900.6167,1620.6167
PL,50,3,4,33333,34941.1417,664.1853,16.9768,43.0346,0.0000,405093654.7735,900.6167,1620.6167
PL,50,3,5,33333,34941.1417,664.1853,16.9768,43.0346,0.0000,405093654.7735,900.6167,1620.6167
PL,50,3,6,33333,34941.1417,664.1853,16.9768,43.0346,0.0000,405093654.7735,900.6167,1620.6167
PL,50,3,7,33333,34941.1417,664.1853,16.9768,43.0346,0.0000,405093654.7735,900.6167,1620.6167
PL,50,4,0,33333,34941.1417,664.2113,16.9736,42.7558,0.0000,402208221.7610,900.6167,1620.6167
PL,50,4,1,33333,34941.1417,664.2113,16.9736,42.7558,0.0000,402208221.7610,900.6167,1620.6167
PL,50,4,2,33333,34941.1417,664.2113,16.9736,42.7558,0.0000,402208221.7610,900.6167,1620.6167
PL,50,4,3,33333,34941.1417,664.2113,16.9736,42.7558,0.0000,402208221.7610,900.6167,1620.6167
PL,50,4,4,33333,34941.1417,664.2113,16.9736,42.7558,0.0000,402208221.7610,900.6167,1620.6167
PL,50,4,5,33333,34941.1417,664.2113,16.9736,42.7558,0.0000,402208221.7610,900.6167,1620.6167
PL,50,4,6,33333,34941.1417,664.2113,16.9736,42.7558,0.0000,402208221.7610,900.6167,1620.6167
PL,50,4,7,33333,34941.1417,664.2113,16.9736,42.7558,0.0000,402208221.7610,900.6167,1620.6167
PL,50,5,0,33333,34941.1417,664.1853,16.9768,43.0346,0.0000,405093654.7735,900.6167,1620.6167
PL,50,5,1,33333,34941.1417,664.1853,16.9768,43.0346,0.0000,405093654.7735,900.6167,1620.6167
PL,50,5,2,33333,34941.1417,664.1853,16.9768,43.0346,0.0000,405093654.7735,900.6167,1620.6167
PL,50,5,3,33333,34941.1417,664.1853,16.9768,43.0346,0.0000,405093654.7735,900.6167,1620.6167
PL,50,5,4,33333,34941.1417,664.1853,16.9768,43.0346,0.0000,405093654.7735,900.6167,1620.6167
PL,50,5,5,33333,34941.1417,664.1853,16.9768,43.0346,0.0000,405093654.7735,900.6167,1620.6167
PL,50,5,6,33333,34941.1417,664.1853,16.9768,43.0346,0.0000,405093654.7735,900.6167,1620.6167
PL,50,5,7,33333,34941.1417,664.1853,16.9768,43.0346,0.0000,405093654.7735,900.6167,1620.6167
SE,1,0,0,667,379.7367,11.4673,98.5666,38.8846,100.0000,5255.7784,600.6167,600.6333
SE,1,0,1,667,379.7367,11.4673,98.5666,38.8846,100.0000,5255.7784,600.6167,600.6333
SE,1,0,2,667,379.7367,11.4673,98.5666,38.8846,100.0000,5255.7784,600.6167,600.6333
SE,1,0,3,667,379.7367,11.4673,98.5666,38.8846,100.0000,5255.7784,600.6167,600.6333
SE,1,0,4,667,379.7367,11.4673,98.5666,38.8846,100.0000,5255.7784,600.6167,600.6333
SE,1,0,5,667,379.7367,11.4673,98.5666,38.8846,100.0000,5255.7784,600.6167,600.6333
SE,1,0,6,667,379.7367,11.4673,98.5666,38.8846,100.0000,5255.7784,600.6167,600.6333
SE,1,0,7,667,379.7367,11.4673,98.5666,38.8846,100.0000,5255.7784,600.6167,600.6333
SE,1,1,0,667,378.3617,11.4448,98.5694,39.4988,100.0000,5225.6378,600.6167,600.6333
SE,1,1,1,667,378.3617,11.4448,98.5694,39.4988,100.0000,5225.6378,600.6167,600.6333
SE,1,1,2,667,378.3617,11.4448,98.5694,39.4988,100.0000,5225.6378,600.6167,600.6333
SE,1,1,3,667,378.3617,11.4448,98.5694,39.4988,100.0000,5225.6378,600.6167,600.6333
SE,1,1,4,667,378.3617,11.4448,98.5694,39.4988,100.0000,5225.6378,600.6167,600.6333
SE,1,1,5,667,378.3617,11.4448,98.5694,39.4988,100.0000,5225.6378,600.6167,600.6333
SE,1,1,6,667,378.3617,11.4448,98.5694,39.4988,100.0000,5225.6378,600.6167,600.6333
SE,1,1,7,667,378.3617,11.4448,98.5694,39.4988,100.0000,5225.6378,600.6167,600.6333
SE,1,2,0,667,765.1025,11.7224,98.5347,32.3925,100.0000,10539.5909,1200.6167,1980.6167
SE,1,2,1,667,765.1025,11.7224,98.5347,32.3925,100.0000,10539.5909,1200.6167,1980.6167
SE,1,2,2,667,765.1025,11.7224,98.5347,32.3925,100.0000,10539.5909,1200.6167,1980.6167
SE,1,2,3,667,765.1025,11.7224,98.5347,32.3925,100.0000,10539.5909,1200.6167,1980.6167
SE,1,2,4,667,765.1025,11.7224,98.5347,32.3925,100.0000,10539.5909,1200.6167,1980.6167
SE,1,2,5,667,765.1025,11.7224,98.5347,32.3925,100.0000,10539.5909,1200.6167,1980.6167
SE,1,2,6,667,765.1025,11.7224,98.5347,32.3925,100.0000,10539.5909,1200.6167,1980.6167
SE,1,2,7,667,765.1025,11.7224,98.5347,32.3925,100.0000,10539.5909,1200.6167,1980.6167
SE,1,3,0,667,866.8525,11.7783,98.5277,32.1355,100.0000,11894.5375,1200.6167,2160.6167
SE,1,3,1,667,866.8525,11.7783,98.5277,32.1355,100.0000,11894.5375,1200.6167,2160.6167
SE,1,3,2,667,866.8525,11.7783,98.5277,32.1355,100.0000,11894.5375,1200.6167,2160.6167
SE,1,3,3,667,866.8525,11.7783,98.5277,32.1355,100.0000,11894.5375,1200.6167,2160.6167
SE,1,3,4,667,866.8525,11.7783,98.5277,32.1355,100.0000,11894.5375,1200.6167,2160.6167
SE,1,3,5,667,866.8525,11.7783,98.5277,32.1355,100.0000,11894.5375,1200.6167,2160.6167
SE,1,3,6,667,866.8525,11.7783,98.5277,32.1355,100.0000,11894.5375,1200.6167,2160.6167
SE,1,3,7,667,866.8525,11.7783,98.5277,32.1355,100.0000,11894.5375,1200.6167,2160.6167
SE,1,4,0,667,765.1775,11.7224,98.5347,32.4520,100.0000,10469.2664,1200.6167,1980.6167
SE,1,4,1,667,765.1775,11.7224,98.5347,32.4520,100.0000,10469.2664,1200.6167,1980.6167
SE,1,4,2,667,765.1775,11.7224,98.5347,32.4520,100.0000,10469.2664,1200.6167,1980.6167
SE,1,4,3,667,765.1775,11.7224,98.5347,32.4520,100.0000,10469.2664,1200.6167,1980.6167
SE,1,4,4,667,765.1775,11.7224,98.5347,32.4520,100.0000,10469.2664,1200.6167,1980.6167
SE,1,4,5,667,765.1775,11.7224,98.5347,32.4520,100.0000,10469.2664,1200.6167,1980.6167
SE,1,4,6,667,765.1775,11.7224,98.5347,32.4520,100.0000,10469.2664,1200.6167,1980.6167
SE,1,4,7,667,765.1775,11.7224,98.5347,32.4520,100.0000,10469.2664,1200.6167,1980.6167
SE,1,5,0,667,765.1025,11.7224,98.5347,32.3925,100.0000,10539.5909,1200.6167,1980.6167
SE,1,5,1,667,765.1025,11.7224,98.5347,32.3925,100.0000,10539.5909,1200.6167,1980.6167
SE,1,5,2,667,765.1025,11.7224,98.5347,32.3925,100.0000,10539.5909,1200.6167,1980.6167
SE,1,5,3,667,765.1025,11.7224,98.5347,32.3925,100.0000,10539.5909,1200.6167,1980.6167
SE,1,5,4,667,765.1025,11.7224,98.5347,32.3925,100.0000,10539.5909,1200.6167,1980.6167
SE,1,5,5,667,765.1025,11.7224,98.5347,32.3925,100.0000,10539.5909,1200.6167,1980.6167
SE,1,5,6,667,765.1025,11.7224,98.5347,32.3925,100.0000,10539.5909,1200.6167,1980.6167
SE,1,5,7,667,765.1025,11.7224,98.5347,32.3925,100.0000,10539.5909,1200.6167,1980.6167
SE,10,0,0,6667,3622.6933,11.4899,98.5638,39.0270,100.0000,70318.6073,600.6167,600.6333
SE,10,0,1,6667,3622.6933,11.4899,98.5638,39.0270,100.0000,70318.6073,600.6167,600.6333
SE,10,0,2,6667,3622.6933,11.4899,98.5638,39.0270,100.0000,70318.6073,600.6167,600.6333
SE,10,0,3,6667,3622.6933,11.4899,98.5638,39.0270,100.0000,70318.6073,600.6167,600.6333
SE,10,0,4,6667,3622.6933,11.4899,98.5638,39.0270,100.0000,70318.6073,600.6167,600.6333
SE,10,0,5,6667,3622.6933,11.4899,98.5638,39.0270,100.0000,70318.6073,600.6167,600.6333
SE,10,0,6,6667,3622.6933,11.4899,98.5638,39.0270,100.0000,70318.6073,600.6167,600.6333
SE,10,0,7,6667,3622.6933,11.4899,98.5638,39.0270,100.0000,70318.6073,600.6167,600.6333
SE,10,1,0,6667,3612.5683,11.4652,98.5668,39.6429,100.0000,70639.7712,600.6167,600.6333
SE,10,1,1,6667,3612.5683,11.4652,98.5668,39.6429,100.0000,70639.7712,600.6167,600.6333
SE,10,1,2,6667,3612.5683,11.4652,98.5668,39.6429,100.0000,70639.7712,600.6167,600.6333
SE,10,1,3,6667,3612.5683,11.4652,98.5668,39.6429,100.0000,70639.7712,600.6167,600.6333
SE,10,1,4,6667,3612.5683,11.4652,98.5668,39.6429,100.0000,70639.7712,600.6167,600.6333
SE,10,1,5,6667,3612.5683,11.4652,98.5668,39.6429,100.0000,70639.7712,600.6167,600.6333
SE,10,1,6,6667,3612.5683,11.4652,98.5668,39.6429,100.0000,70639.7712,600.6167,600.6333
SE,10,1,7,6667,3612.5683,11.4652,98.5668,39.6429,100.0000,70639.7712,600.6167,600.6333
SE,10,2,0,6667,7101.4792,11.8695,98.5163,31.2993,100.0000,160298.5430,900.6167,1680.6167
SE,10,2,1,6667,7101.4792,11.8695,98.5163,31.2993,100.0000,160298.5430,900.6167,1680.6167
SE,10,2,2,6667,7101.4792,11.8695,98.5163,31.2993,100.0000,160298.5430,900.6167,1680.6167
SE,10,2,3,6667,7101.4792,11.8695,98.5163,31.2993,100.0000,160298.5430,900.6167,1680.6167
SE,10,2,4,6667,7101.4792,11.8695,98.5163,31.2993,100.0000,160298.5430,900.6167,1680.6167
SE,10,2,5,6667,7101.4792,11.8695,98.5163,31.2993,100.0000,160298.5430,900.6167,1680.6167
SE,10,2,6,6667,7101.4792,11.8695,98.5163,31.2993,100.0000,160298.5430,900.6167,1680.6167
SE,10,2,7,6667,7101.4792,11.8695,98.5163,31.2993,100.0000,160298.5430,900.6167,1680.6167
SE,10,3,0,6667,7101.4792,11.8695,98.5163,31.2993,100.0000,160298.5430,900.6167,1680.6167
SE,10,3,1,6667,7101.4792,11.8695,98.5163,31.2993,100.0000,160298.5430,900.6167,1680.6167
SE,10,3,2,6667,7101.4792,11.8695,98.5163,31.2993,100.0000,160298.5430,900.6167,1680.6167
SE,10,3,3,6667,7101.4792,11.8695,98.5163,31.2993,100.0000,160298.5430,900.6167,1680.6167
SE,10,3,4,6667,7101.4792,11.8695,98.5163,31.2993,100.0000,160298.5430,900.6167,1680.6167
SE,10,3,5,6667,7101.4792,11.8695,98.5163,31.2993,100.0000,160298.5430,900.6167,1680.6167
SE,10,3,6,6667,7101.4792,11.8695,98.5163,31.2993,100.0000,160298.5430,900.6167,1680.6167
SE,10,3,7,6667,7101.4792,11.8695,98.5163,31.2993,100.0000,160298.5430,900.6167,1680.6167
SE,10,4,0,6667,7101.4792,11.8695,98.5163,31.3559,100.0000,160287.6441,900.6167,1680.6167
SE,10,4,1,6667,7101.4792,11.8695,98.5163,31.3559,100.0000,160287.6441,900.6167,1680.6167
SE,10,4,2,6667,7101.4792,11.8695,98.5163,31.3559,100.0000,160287.6441,900.6167,1680.6167
SE,10,4,3,6667,7101.4792,11.8695,98.5163,31.3559,100.0000,160287.6441,900.6167,1680.6167
SE,10,4,4,6667,7101.4792,11.8695,98.5163,31.3559,100.0000,160287.6441,900.6167,1680.6167
SE,10,4,5,6667,7101.4792,11.8695,98.5163,31.3559,100.0000,160287.6441,900.6167,1680.6167
SE,10,4,6,6667,7101.4792,11.8695,98.5163,31.3559,100.0000,160287.6441,900.6167,1680.6167
SE,10,4,7,6667,7101.4792,11.8695,98.5163,31.3559,100.0000,160287.6441,900.6167,1680.6167
SE,10,5,0,6667,7101.4792,11.8695,98.5163,31.2993,100.0000,160298.5430,900.6167,1680.6167
SE,10,5,1,6667,7101.4792,11.8695,98.5163,31.2993,100.0000,160298.5430,900.6167,1680.6167
SE,10,5,2,6667,7101.4792,11.8695,98.5163,31.2993,100.0000,160298.5430,900.6167,1680.6167
SE,10,5,3,6667,7101.4792,11.8695,98.5163,31.2993,100.0000,160298.5430,900.6167,1680.6167
SE,10,5,4,6667,7101.4792,11.8695,98.5163,31.2993,100.0000,160298.5430,900.6167,1680.6167
SE,10,5,5,6667,7101.4792,11.8695,98.5163,31.2993,100.0000,160298.5430,900.6167,1680.6167
SE,10,5,6,6667,7101.4792,11.8695,98.5163,31.2993,100.0000,160298.5430,900.6167,1680.6167
SE,10,5,7,6667,7101.4792,11.8695,98.5163,31.2993,100.0000,160298.5430,900.6167,1680.6167
SE,50,0,0,33333,18029.1283,11.4914,98.5636,39.0478,100.0000,2784727.2446,600.6167,600.6333
SE,50,0,1,33333,18029.1283,11.4914,98.5636,39.0478,100.0000,2784727.2446,600.6167,600.6333
SE,50,0,2,33333,18029.1283,11.4914,98.5636,39.0478,100.0000,2784727.2446,600.6167,600.6333
SE,50,0,3,33333,18029.1283,11.4914,98.5636,39.0478,100.0000,2784727.2446,600.6167,600.6333
SE,50,0,4,33333,18029.1283,11.4914,98.5636,39.0478,100.0000,2784727.2446,600.6167,600.6333
SE,50,0,5,33333,18029.1283,11.4914,98.5636,39.0478,100.0000,2784727.2446,600.6167,600.6333
SE,50,0,6,33333,18029.1283,11.4914,98.5636,39.0478,100.0000,2784727.2446,600.6167,600.6333
SE,50,0,7,33333,18029.1283,11.4914,98.5636,39.0478,100.0000,2784727.2446,600.6167,600.6333
SE,50,1,0,33333,17979.8283,11.4664,98.5667,39.6660,100.0000,2846136.0304,600.6167,600.6333
SE,50,1,1,33333,17979.8283,11.4664,98.5667,39.6660,100.0000,2846136.0304,600.6167,600.6333
SE,50,1,2,33333,17979.8283,11.4664,98.5667,39.6660,100.0000,2846136.0304,600.6167,600.6333
SE,50,1,3,33333,17979.8283,11.4664,98.5667,39.6660,100.0000,2846136.0304,600.6167,600.6333
SE,50,1,4,33333,17979.8283,11.4664,98.5667,39.6660,100.0000,2846136.0304,600.6167,600.6333
SE,50,1,5,33333,17979.8283,11.4664,98.5667,39.6660,100.0000,2846136.0304,600.6167,600.6333
SE,50,1,6,33333,17979.8283,11.4664,98.5667,39.6660,100.0000,2846136.0304,600.6167,600.6333
SE,50,1,7,33333,17979.8283,11.4664,98.5667,39.6660,100.0000,2846136.0304,600.6167,600.6333
SE,50,2,0,33333,34941.1417,11.8847,98.5144,30.9768,100.0000,7482047.6555,900.6167,1620.6167
SE,50,2,1,33333,34941.1417,11.8847,98.5144,30.9768,100.0000,7482047.6555,900.6167,1620.6167
SE,50,2,2,33333,34941.1417,11.8847,98.5144,30.9768,100.0000,7482047.6555,900.6167,1620.6167
SE,50,2,3,33333,34941.1417,11.8847,98.5144,30.9768,100.0000,7482047.6555,900.6167,1620.6167
SE,50,2,4,33333,34941.1417,11.8847,98.5144,30.9768,100.0000,7482047.6555,900.6167,1620.6167
SE,50,2,5,33333,34941.1417,11.8847,98.5144,30.9768,100.0000,7482047.6555,900.6167,1620.6167
SE,50,2,6,33333,34941.1417,11.8847,98.5144,30.9768,100.0000,7482047.6555,900.6167,1620.6167
SE,50,2,7,33333,34941.1417,11.8847,98.5144,30.9768,100.0000,7482047.6555,900.6167,1620.6167
SE,50,3,0,33333,34941.1417,11.8847,98.5144,30.9768,100.0000,7482047.6555,900.6167,1620.6167
SE,50,3,1,33333,34941.1417,11.8847,98.5144,30.9768,100.0000,7482047.6555,900.6167,1620.6167
SE,50,3,2,33333,34941.1417,11.8847,98.5144,30.9768,100.0000,7482047.6555,900.6167,1620.6167
SE,50,3,3,33333,34941.1417,11.8847,98.5144,30.9768,100.0000,7482047.6555,900.6167,1620.6167
SE,50,3,4,33333,34941.1417,11.8847,98.5144,30.9768,100.0000,7482047.6555,900.6167,1620.6167
SE,50,3,5,33333,34941.1417,11.8847,98.5144,30.9768,100.0000,7482047.6555,900.6167,1620.6167
SE,50,3,6,33333,34941.1417,11.8847,98.5144,30.9768,100.0000,7482047.6555,900.6167,1620.6167
SE,50,3,7,33333,34941.1417,11.8847,98.5144,30.9768,100.0000,7482047.6555,900.6167,1620.6167
SE,50,4,0,33333,34941.1417,11.8847,98.5144,31.0327,100.0000,7494335.4936,900.6167,1620.6167
SE,50,4,1,33333,34941.1417,11.8847,98.5144,31.0327,100.0000,7494335.4936,900.6167,1620.6167
SE,50,4,2,33333,34941.1417,11.8847,98.5144,31.0327,100.0000,7494335.4936,900.6167,1620.6167
SE,50,4,3,33333,34941.1417,11.8847,98.5144,31.0327,100.0000,7494335.4936,900.6167,1620.6167
SE,50,4,4,33333,34941.1417,11.8847,98.5144,31.0327,100.0000,7494335.4936,900.6167,1620.6167
SE,50,4,5,33333,34941.1417,11.8847,98.5144,31.0327,100.0000,7494335.4936,900.6167,1620.6167
SE,50,4,6,33333,34941.1417,11.8847,98.5144,31.0327,100.0000,7494335.4936,900.6167,1620.6167
SE,50,4,7,33333,34941.1417,11.8847,98.5144,31.0327,100.0000,7494335.4936,900.6167,1620.6167
SE,50,5,0,33333,34941.1417,11.8847,98.5144,30.9768,100.0000,7482047.6555,900.6167,1620.6167
SE,50,5,1,33333,34941.1417,11.8847,98.5144,30.9768,100.0000,7482047.6555,900.6167,1620.6167
SE,50,5,2,33333,34941.1417,11.8847,98.5144,30.9768,100.0000,7482047.6555,900.6167,1620.6167
SE,50,5,3,33333,34941.1417,11.8847,98.5144,30.9768,100.0000,7482047.6555,900.6167,1620.6167
SE,50,5,4,33333,34941.1417,11.8847,98.5144,30.9768,100.0000,7482047.6555,900.6167,1620.6167
SE,50,5,5,33333,34941.1417,11.8847,98.5144,30.9768,100.0000,7482047.6555,900.6167,1620.6167
SE,50,5,6,33333,34941.1417,11.8847,98.5144,30.9768,100.0000,7482047.6555,900.6167,1620.6167
SE,50,5,7,33333,34941.1417,11.8847,98.5144,30.9768,100.0000,7482047.6555,900.6167,1620.6167
